n_bin,bin,bin_from,bin_to,bin_size,variable,tmp_avg,tmp_djf,tmp_jja
150,"(-0.7,-0.675]",-0.7,-0.675,0.025,tmp,1.0777604138599989e-5,0.002920730721560597,0.0017136390580373983
153,"(-0.625,-0.6]",-0.625,-0.6,0.025,tmp,1.0777604138599989e-5,0.013536670798081586,0.001853747911839198
154,"(-0.6,-0.575]",-0.6,-0.575,0.025,tmp,1.0777604138599989e-5,0,0.0016920838497601982
155,"(-0.575,-0.55]",-0.575,-0.55,0.025,tmp,1.0777604138599989e-5,0,0.0016597510373443983
158,"(-0.5,-0.475]",-0.5,-0.475,0.025,tmp,4.3110416554399954e-5,8.622083310879992e-4,0.0016381958290671984
159,"(-0.475,-0.45]",-0.475,-0.45,0.025,tmp,6.466562483159993e-5,0,0.002004634369779598
160,"(-0.45,-0.425]",-0.45,-0.425,0.025,tmp,7.544322897019993e-5,0,0.0017783046828689982
161,"(-0.425,-0.4]",-0.425,-0.4,0.025,tmp,1.0777604138599989e-5,0.01846203588942178,0.0019184135366707982
162,"(-0.4,-0.375]",-0.4,-0.375,0.025,tmp,4.3110416554399954e-5,0,0.0018214150994233982
163,"(-0.375,-0.35]",-0.375,-0.35,0.025,tmp,8.622083310879991e-5,0,0.001939968744947998
164,"(-0.35,-0.325]",-0.35,-0.325,0.025,tmp,6.466562483159993e-5,0,0.0018321927035619982
165,"(-0.325,-0.3]",-0.325,-0.3,0.025,tmp,1.1855364552459988e-4,0.02011100932262758,0.0017028614538987983
166,"(-0.3,-0.275]",-0.3,-0.275,0.025,tmp,1.077760413859999e-4,0,0.0018321927035619982
167,"(-0.275,-0.25]",-0.275,-0.25,0.025,tmp,1.1855364552459988e-4,0,0.002058522390472598
168,"(-0.25,-0.225]",-0.25,-0.225,0.025,tmp,1.1855364552459988e-4,0,0.0021339656194427977
169,"(-0.225,-0.2]",-0.225,-0.2,0.025,tmp,1.6166406207899985e-4,0.02232041817104058,0.0025327369725709975
170,"(-0.2,-0.175]",-0.2,-0.175,0.025,tmp,1.832192703561998e-4,0,0.002209408848412998
171,"(-0.175,-0.15]",-0.175,-0.15,0.025,tmp,3.4488333243519963e-4,0,0.0021339656194427977
172,"(-0.15,-0.125]",-0.15,-0.125,0.025,tmp,2.909953117421997e-4,0,0.0026081802015411972
173,"(-0.125,-0.1]",-0.125,-0.1,0.025,tmp,2.586624993263997e-4,0.025747696287115374,0.0024249609311849975
174,"(-0.1,-0.075]",-0.1,-0.075,0.025,tmp,3.4488333243519963e-4,0,0.0026836234305113974
175,"(-0.075,-0.05]",-0.075,-0.05,0.025,tmp,3.879937489895996e-4,0,0.0025758473891253973
176,"(-0.05,-0.025]",-0.05,-0.025,0.025,tmp,6.143234359001994e-4,0,0.0027051786387885975
177,"(-0.025,0]",-0.025,0,0.025,tmp,4.311041655439996e-4,0.03053295252465377,0.002780621867758797
178,"(0,0.025]",0,0.025,0.025,tmp,4.634369779597995e-4,0,0.002694401034649997
179,"(0.025,0.05]",0.025,0.05,0.025,tmp,4.849921862369995e-4,0,0.0024465161394621976
180,"(0.05,0.075]",0.05,0.075,0.025,tmp,5.927682276229994e-4,0,0.0027482890553429972
181,"(0.075,0.1]",0.075,0.1,0.025,tmp,7.005442690089993e-4,0.03305491189308617,0.002834509888451797
182,"(0.1,0.125]",0.1,0.125,0.025,tmp,7.867651021177992e-4,0,0.002834509888451797
183,"(0.125,0.15]",0.125,0.15,0.025,tmp,6.897666648703993e-4,0,0.0025758473891253973
184,"(0.15,0.175]",0.15,0.175,0.025,tmp,7.867651021177992e-4,0,0.0032009484291641967
185,"(0.175,0.2]",0.175,0.2,0.025,tmp,6.466562483159994e-4,0.034973325429756966,0.002953063533976397
186,"(0.2,0.225]",0.2,0.225,0.025,tmp,9.592067683353991e-4,0,0.0028237322843131974
187,"(0.225,0.25]",0.225,0.25,0.025,tmp,8.622083310879992e-4,0,0.003006951554669397
188,"(0.25,0.275]",0.25,0.275,0.025,tmp,0.001056205205582799,0,0.003103949991916797
189,"(0.275,0.3]",0.275,0.3,0.025,tmp,0.001056205205582799,0.034369779597995365,0.0036428301988467963
190,"(0.3,0.325]",0.3,0.325,0.025,tmp,9.053187476423991e-4,0,0.0032548364498571967
191,"(0.325,0.35]",0.325,0.35,0.025,tmp,0.0012178692676617989,0,0.0036967182195397964
192,"(0.35,0.375]",0.35,0.375,0.025,tmp,0.0013040901007705986,0,0.0035242765533221965
193,"(0.375,0.4]",0.375,0.4,0.025,tmp,0.0012394244759389988,0.03930592229347416,0.0034165005119361964
194,"(0.4,0.425]",0.4,0.425,0.025,tmp,0.0012825348924933987,0,0.003879937489895996
195,"(0.425,0.45]",0.425,0.45,0.025,tmp,0.0014334213504337986,0,0.0032332812415799966
196,"(0.45,0.475]",0.45,0.475,0.025,tmp,0.0016381958290671984,0,0.0037506062402327964
197,"(0.475,0.5]",0.475,0.5,0.025,tmp,0.0015950854125127984,0.036654631675378566,0.003739828636094196
198,"(0.5,0.525]",0.5,0.525,0.025,tmp,0.0018106374952847981,3.125505200193997e-4,0.0035350541574607963
199,"(0.525,0.55]",0.525,0.55,0.025,tmp,0.001853747911839198,0,0.0036967182195397964
200,"(0.55,0.575]",0.55,0.575,0.025,tmp,0.002069299994611198,0,0.0035027213450449964
201,"(0.575,0.6]",0.575,0.6,0.025,tmp,0.002403405722907798,0.03674085250848736,0.0034703885326291964
202,"(0.6,0.625]",0.6,0.625,0.025,tmp,0.0027913994718973974,0,0.0033518348871045965
203,"(0.625,0.65]",0.625,0.65,0.025,tmp,0.002996173950530797,0,0.0034811661367677967
204,"(0.65,0.675]",0.65,0.675,0.025,tmp,0.002974618742253597,0,0.0034811661367677967
205,"(0.675,0.7]",0.675,0.7,0.025,tmp,0.003125505200193997,0.03445600043110417,0.0034165005119361964
206,"(0.7,0.725]",0.7,0.725,0.025,tmp,0.003244058845718597,1.4010885380179986e-4,0.0033518348871045965
207,"(0.725,0.75]",0.725,0.75,0.025,tmp,0.003772161448509996,0,0.0038368270733415964
208,"(0.75,0.775]",0.75,0.775,0.025,tmp,0.003772161448509996,0,0.003912270302311796
209,"(0.775,0.8]",0.775,0.8,0.025,tmp,0.0041709328016381955,0.03683785094573476,0.0036751630112625963
210,"(0.8,0.825]",0.8,0.825,0.025,tmp,0.004440372905103195,0,0.0036212749905695962
211,"(0.825,0.85]",0.825,0.85,0.025,tmp,0.005022363528587595,0,0.0038152718650643963
212,"(0.85,0.875]",0.85,0.875,0.025,tmp,0.005388802069299994,0,0.003793716656787196
213,"(0.875,0.9]",0.875,0.9,0.025,tmp,0.0054642452982701945,0.03909037021070216,0.0034272781160747967
214,"(0.9,0.925]",0.9,0.925,0.025,tmp,0.005259470819636795,0,0.004084711968529396
215,"(0.925,0.95]",0.925,0.95,0.025,tmp,0.006207899983833594,0,0.004084711968529396
216,"(0.95,0.975]",0.95,0.975,0.025,tmp,0.005625909360349194,0,0.003912270302311796
217,"(0.975,1]",0.975,1,0.025,tmp,0.005625909360349194,0.040211241041116556,0.004235598426469795
218,"(1,1.025]",1,1.025,0.025,tmp,0.005550466131378994,0.0014873093711267986,0.004634369779597996
219,"(1.025,1.05]",1.025,1.05,0.025,tmp,0.005755240610012394,0,0.004332596863717196
220,"(1.05,1.075]",1.05,1.075,0.025,tmp,0.0058845718596755945,0,0.003933825510588996
221,"(1.075,1.1]",1.075,1.1,0.025,tmp,0.005733685401735194,0.04016813062456216,0.004655924987875195
222,"(1.1,1.125]",1.1,1.125,0.025,tmp,0.005722907797596594,0,0.004796033841676995
223,"(1.125,1.15]",1.125,1.15,0.025,tmp,0.005712130193457995,0,0.004106267176806596
224,"(1.15,1.175]",1.15,1.175,0.025,tmp,0.0056366869644877944,0,0.004397262488548796
225,"(1.175,1.2]",1.175,1.2,0.025,tmp,0.005367246861022795,0.04042679312388856,0.004106267176806596
226,"(1.2,1.225]",1.2,1.225,0.025,tmp,0.005076251549280595,0.0017459718704531983,0.003966158323004796
227,"(1.225,1.25]",1.225,1.25,0.025,tmp,0.004990030716171795,0,0.004569704154766396
228,"(1.25,1.275]",1.25,1.275,0.025,tmp,0.005162472382389395,0,0.004494260925796196
229,"(1.275,1.3]",1.275,1.3,0.025,tmp,0.005119361965834995,0.04141833270463976,0.004903809883062995
230,"(1.3,1.325]",1.3,1.325,0.025,tmp,0.004957697903755995,0,0.005291803632052595
231,"(1.325,1.35]",1.325,1.35,0.025,tmp,0.0053241364444683945,0,0.005054696341003395
232,"(1.35,1.375]",1.35,1.375,0.025,tmp,0.006143234359001994,0,0.005227138007220995
233,"(1.375,1.4]",1.375,1.4,0.025,tmp,0.005766018214150994,0.035910976989815165,0.005140917174112195
234,"(1.4,1.425]",1.4,1.425,0.025,tmp,0.006024680713477394,0,0.0054965781106859945
235,"(1.425,1.45]",1.425,1.45,0.025,tmp,0.006121679150724794,0,0.005227138007220995
236,"(1.45,1.475]",1.45,1.475,0.025,tmp,0.006574338524545993,0,0.005151694778250795
237,"(1.475,1.5]",1.475,1.5,0.025,tmp,0.006186344775556394,0.035932532198092365,0.005140917174112195
238,"(1.5,1.525]",1.5,1.525,0.025,tmp,0.006703669774209193,0.0013579781214635986,0.005378024465161395
239,"(1.525,1.55]",1.525,1.55,0.025,tmp,0.007436546855633993,0,0.004817589049954195
240,"(1.55,1.575]",1.55,1.575,0.025,tmp,0.008481974457078191,0,0.005528910923101794
241,"(1.575,1.6]",1.575,1.6,0.025,tmp,0.007813763000484992,0.04139677749636256,0.004666702592013796
242,"(1.6,1.625]",1.6,1.625,0.025,tmp,0.0077706525839305925,0,0.004968475507894595
243,"(1.625,1.65]",1.625,1.65,0.025,tmp,0.0074904348763269925,0,0.004936142695478795
244,"(1.65,1.675]",1.65,1.675,0.025,tmp,0.007414991647356792,0,0.0051840275906665945
245,"(1.675,1.7]",1.675,1.7,0.025,tmp,0.0075227676887427925,0.04068545562321496,0.004526593738211996
246,"(1.7,1.725]",1.7,1.725,0.025,tmp,0.006962332273535593,6.789890607317993e-4,0.004828366654092795
247,"(1.725,1.75]",1.725,1.75,0.025,tmp,0.006994665085951393,0,0.005119361965834995
248,"(1.75,1.775]",1.75,1.775,0.025,tmp,0.0076305437301287925,0,0.0045589265506277956
249,"(1.775,1.8]",1.775,1.8,0.025,tmp,0.006865333836288193,0.03440211241041117,0.004709813008568195
250,"(1.8,1.825]",1.8,1.825,0.025,tmp,0.007598210917712993,0,0.004289486447162796
251,"(1.825,1.85]",1.825,1.85,0.025,tmp,0.007598210917712993,0,0.004440372905103195
252,"(1.85,1.875]",1.85,1.875,0.025,tmp,0.007673654146683193,0,0.004127822385083796
253,"(1.875,1.9]",1.875,1.9,0.025,tmp,0.007371881230802392,0.03169693377162257,0.004257153634746996
254,"(1.9,1.925]",1.9,1.925,0.025,tmp,0.008481974457078191,0,0.003955380718866196
255,"(1.925,1.95]",1.925,1.95,0.025,tmp,0.007889206229455192,0,0.004149377593360996
256,"(1.95,1.975]",1.95,1.975,0.025,tmp,0.008902301018483591,0,0.004494260925796196
257,"(1.975,2]",1.975,2,0.025,tmp,0.00921485153850299,0.016834617664493182,0.004472705717518995
258,"(2,2.025]",2,2.025,0.025,tmp,0.00958129007921539,0.0034488333243519968,0.003976935927143396
259,"(2.025,2.05]",2.025,2.05,0.025,tmp,0.01042194320202619,0,0.0039014926981731962
260,"(2.05,2.075]",2.05,2.075,0.025,tmp,0.00991539580751199,0,0.004364929676132996
261,"(2.075,2.1]",2.075,2.1,0.025,tmp,0.010497386430996389,0.011963140593845989,0.004278708843024196
262,"(2.1,2.125]",2.1,2.125,0.025,tmp,0.010368055181333189,0,0.0041709328016381955
263,"(2.125,2.15]",2.125,2.15,0.025,tmp,0.01023872393166999,0,0.0042032656140539955
264,"(2.15,2.175]",2.15,2.175,0.025,tmp,0.01059438486824379,0,0.004073934364390796
265,"(2.175,2.2]",2.175,2.2,0.025,tmp,0.011639812469687988,0.004117044780945196,0.004364929676132996
266,"(2.2,2.225]",2.2,2.225,0.025,tmp,0.011197930700005389,0,0.004235598426469795
267,"(2.225,2.25]",2.225,2.25,0.025,tmp,0.011973918197984589,0,0.004429595300964596
268,"(2.25,2.275]",2.25,2.275,0.025,tmp,0.01107937705448079,0,0.0044834833216575954
269,"(2.275,2.3]",2.275,2.3,0.025,tmp,0.012081694239370588,3.2332812415799966e-5,0.004602036967182196
270,"(2.3,2.325]",2.3,2.325,0.025,tmp,0.012297246322142588,0,0.004472705717518995
271,"(2.325,2.35]",2.325,2.35,0.025,tmp,0.012297246322142588,0,0.005248693215498194
272,"(2.35,2.375]",2.35,2.375,0.025,tmp,0.012566686425607588,0,0.0045912593630435955
273,"(2.375,2.4]",2.375,2.4,0.025,tmp,0.013439672360834187,0,0.005194805194805195
274,"(2.4,2.425]",2.4,2.425,0.025,tmp,0.012351134342835588,0,0.0045589265506277956
275,"(2.425,2.45]",2.425,2.45,0.025,tmp,0.011650590073826588,0,0.005270248423775395
276,"(2.45,2.475]",2.45,2.475,0.025,tmp,0.011844586948321387,0,0.004979253112033195
277,"(2.475,2.5]",2.475,2.5,0.025,tmp,0.010971601013094788,0,0.005367246861022795
278,"(2.5,2.525]",2.5,2.525,0.025,tmp,0.01086382497170879,0,0.005270248423775395
279,"(2.525,2.55]",2.525,2.55,0.025,tmp,0.011478148407608989,0,0.0052163604030823945
280,"(2.55,2.575]",2.55,2.575,0.025,tmp,0.011532036428301988,0,0.005248693215498194
281,"(2.575,2.6]",2.575,2.6,0.025,tmp,0.011661367677965188,0,0.005507355714824595
282,"(2.6,2.625]",2.6,2.625,0.025,tmp,0.011316484345529988,0,0.005669019776903594
283,"(2.625,2.65]",2.625,2.65,0.025,tmp,0.011715255698658188,0,0.005378024465161395
284,"(2.65,2.675]",2.65,2.675,0.025,tmp,0.01013094789028399,0,0.005097806757557795
285,"(2.675,2.7]",2.675,2.7,0.025,tmp,0.009462736433690791,0,0.005981570296922994
286,"(2.7,2.725]",2.7,2.725,0.025,tmp,0.01080993695101579,0,0.0058845718596755945
287,"(2.725,2.75]",2.725,2.75,0.025,tmp,0.01129492913725279,0,0.005722907797596594
288,"(2.75,2.775]",2.75,2.775,0.025,tmp,0.011241041116559788,0,0.005992347901061594
289,"(2.775,2.8]",2.775,2.8,0.025,tmp,0.011769143719351189,0,0.0054642452982701945
290,"(2.8,2.825]",2.8,2.825,0.025,tmp,0.011488926011747589,0,0.005313358840329794
291,"(2.825,2.85]",2.825,2.85,0.025,tmp,0.011963140593845989,0,0.005539688527240395
292,"(2.85,2.875]",2.85,2.875,0.025,tmp,0.011984695802123187,0,0.005561243735517594
293,"(2.875,2.9]",2.875,2.9,0.025,tmp,0.012534353613191787,0,0.005270248423775395
294,"(2.9,2.925]",2.9,2.925,0.025,tmp,0.013622891631190386,0,0.005766018214150994
295,"(2.925,2.95]",2.925,2.95,0.025,tmp,0.014851538502990785,0,0.0053564692568841945
296,"(2.95,2.975]",2.95,2.975,0.025,tmp,0.015638303605108584,0,0.004893032278924395
297,"(2.975,3]",2.975,3,0.025,tmp,0.013030123403567387,0,0.004925365091340195
298,"(3,3.025]",3,3.025,0.025,tmp,0.011866142156598588,0,0.0048391442582313956
299,"(3.025,3.05]",3.025,3.05,0.025,tmp,0.01142426038691599,0,0.005237915611359595
300,"(3.05,3.075]",3.05,3.075,0.025,tmp,0.011596702053133588,0,0.005270248423775395
301,"(3.075,3.1]",3.075,3.1,0.025,tmp,0.008902301018483591,0,0.005248693215498194
302,"(3.1,3.125]",3.1,3.125,0.025,tmp,0.008762192164681791,0,0.005140917174112195
303,"(3.125,3.15]",3.125,3.15,0.025,tmp,0.007339548418386592,0,0.005485800506547394
304,"(3.15,3.175]",3.15,3.175,0.025,tmp,0.006348008837635394,0,0.0056043541520719945
305,"(3.175,3.2]",3.175,3.2,0.025,tmp,0.0062294551921107935,0,0.005518133318963194
306,"(3.2,3.225]",3.2,3.225,0.025,tmp,0.005593576547933394,0,0.006003125505200194
307,"(3.225,3.25]",3.225,3.25,0.025,tmp,0.005539688527240395,0,0.005852239047259795
308,"(3.25,3.275]",3.25,3.275,0.025,tmp,0.006024680713477394,0,0.005550466131378994
309,"(3.275,3.3]",3.275,3.3,0.025,tmp,0.0048714770706471955,0,0.004936142695478795
310,"(3.3,3.325]",3.3,3.325,0.025,tmp,0.004580481758904995,0,0.004677480196152395
311,"(3.325,3.35]",3.325,3.35,0.025,tmp,0.0042032656140539955,0,0.0045912593630435955
312,"(3.35,3.375]",3.35,3.375,0.025,tmp,0.0038691598857573963,0,0.0035781645740151965
313,"(3.375,3.4]",3.375,3.4,0.025,tmp,0.0037506062402327964,0,0.004181710405776796
314,"(3.4,3.425]",3.4,3.425,0.025,tmp,0.0031470604084711967,0,0.0036967182195397964
315,"(3.425,3.45]",3.425,3.45,0.025,tmp,0.0035673869698765962,0,0.0036104973864309964
316,"(3.45,3.475]",3.45,3.475,0.025,tmp,0.0035566093657379964,0,0.0034380557202133965
317,"(3.475,3.5]",3.475,3.5,0.025,tmp,0.0034488333243519968,0,0.003211726033302797
318,"(3.5,3.525]",3.5,3.525,0.025,tmp,0.002845287492590397,0,0.0032009484291641967
319,"(3.525,3.55]",3.525,3.55,0.025,tmp,0.003039284367085197,0,0.0029422859298377972
320,"(3.55,3.575]",3.55,3.575,0.025,tmp,0.003060839575362397,0,0.0028237322843131974
321,"(3.575,3.6]",3.575,3.6,0.025,tmp,0.002996173950530797,0,0.0028237322843131974
322,"(3.6,3.625]",3.6,3.625,0.025,tmp,0.002899175513283397,0,0.002920730721560597
323,"(3.625,3.65]",3.625,3.65,0.025,tmp,0.002015411973918198,0,0.002931508325699197
324,"(3.65,3.675]",3.65,3.675,0.025,tmp,0.0015304197876811986,0,0.002834509888451797
325,"(3.675,3.7]",3.675,3.7,0.025,tmp,0.0013040901007705986,0,0.0027159562429271973
326,"(3.7,3.725]",3.7,3.725,0.025,tmp,0.0012070916635231988,0,0.002920730721560597
327,"(3.725,3.75]",3.725,3.75,0.025,tmp,0.001013094789028399,0,0.002726733847065797
328,"(3.75,3.775]",3.75,3.775,0.025,tmp,9.26873955919599e-4,0,0.0024896265560165973
329,"(3.775,3.8]",3.775,3.8,0.025,tmp,9.69984372473999e-4,0,0.0027159562429271973
330,"(3.8,3.825]",3.8,3.825,0.025,tmp,6.897666648703993e-4,0,0.0023495177022147978
331,"(3.825,3.85]",3.825,3.85,0.025,tmp,7.544322897019992e-4,0,0.0026081802015411972
332,"(3.85,3.875]",3.85,3.875,0.025,tmp,6.251010400387994e-4,0,0.0024788489518779975
333,"(3.875,3.9]",3.875,3.9,0.025,tmp,8.190979145335992e-4,0,0.0022525192649673976
334,"(3.9,3.925]",3.9,3.925,0.025,tmp,6.251010400387994e-4,0,0.0022417416608287977
335,"(3.925,3.95]",3.925,3.95,0.025,tmp,7.220994772861993e-4,0,0.002284852077383198
336,"(3.95,3.975]",3.95,3.975,0.025,tmp,6.466562483159994e-4,0,0.0021339656194427977
337,"(3.975,4]",3.975,4,0.025,tmp,6.358786441773993e-4,0,0.002263296869105998
338,"(4,4.025]",4,4.025,0.025,tmp,6.789890607317993e-4,0,0.001983079161502398
339,"(4.025,4.05]",4.025,4.05,0.025,tmp,6.251010400387994e-4,0,0.0018753031201163982
340,"(4.05,4.075]",4.05,4.075,0.025,tmp,4.4188176968259954e-4,0,0.0018214150994233982
341,"(4.075,4.1]",4.075,4.1,0.025,tmp,6.251010400387994e-4,0,0.002069299994611198
342,"(4.1,4.125]",4.1,4.125,0.025,tmp,5.819906234843994e-4,0,0.002112410411165598
343,"(4.125,4.15]",4.125,4.15,0.025,tmp,6.251010400387994e-4,0,0.0019184135366707982
344,"(4.15,4.175]",4.15,4.175,0.025,tmp,5.927682276229994e-4,0,0.0017567494745917983
345,"(4.175,4.2]",4.175,4.2,0.025,tmp,5.388802069299994e-4,0,0.002015411973918198
346,"(4.2,4.225]",4.2,4.225,0.025,tmp,5.065473945141995e-4,0,0.0019076359325321981
347,"(4.225,4.25]",4.225,4.25,0.025,tmp,6.035458317615994e-4,0,0.0018753031201163982
348,"(4.25,4.275]",4.25,4.275,0.025,tmp,4.849921862369995e-4,0,0.001896858328393598
349,"(4.275,4.3]",4.275,4.3,0.025,tmp,5.496578110685995e-4,0,0.001896858328393598
350,"(4.3,4.325]",4.3,4.325,0.025,tmp,5.604354152071994e-4,0,0.0016274182249285984
351,"(4.325,4.35]",4.325,4.35,0.025,tmp,4.742145820983995e-4,0,0.0016920838497601982
352,"(4.35,4.375]",4.35,4.375,0.025,tmp,3.233281241579997e-4,0,0.0018214150994233982
353,"(4.375,4.4]",4.375,4.4,0.025,tmp,4.4188176968259954e-4,0,0.001886080724254998
354,"(4.4,4.425]",4.4,4.425,0.025,tmp,2.802177076035997e-4,0,0.001842970307700598
355,"(4.425,4.45]",4.425,4.45,0.025,tmp,3.987713531281996e-4,0,0.0018321927035619982
356,"(4.45,4.475]",4.45,4.475,0.025,tmp,3.125505200193997e-4,0,0.0014657541628495985
357,"(4.475,4.5]",4.475,4.5,0.025,tmp,2.155520827719998e-4,0,0.0018321927035619982
358,"(4.5,4.525]",4.5,4.525,0.025,tmp,2.802177076035997e-4,0,0.0018753031201163982
359,"(4.525,4.55]",4.525,4.55,0.025,tmp,2.3710729104919976e-4,0,0.0018106374952847981
360,"(4.55,4.575]",4.55,4.575,0.025,tmp,2.4788489518779973e-4,0,0.0016058630166513985
361,"(4.575,4.6]",4.575,4.6,0.025,tmp,1.7244166621759982e-4,0,0.0016705286414829983
362,"(4.6,4.625]",4.6,4.625,0.025,tmp,1.2933124966319986e-4,0,0.0014873093711267986
363,"(4.625,4.65]",4.625,4.65,0.025,tmp,1.7244166621759982e-4,0,0.0016058630166513985
364,"(4.65,4.675]",4.65,4.675,0.025,tmp,1.4010885380179986e-4,0,0.0016489734332057982
365,"(4.675,4.7]",4.675,4.7,0.025,tmp,1.832192703561998e-4,0,0.001853747911839198
366,"(4.7,4.725]",4.7,4.725,0.025,tmp,1.7244166621759982e-4,0,0.0017459718704531983
367,"(4.725,4.75]",4.725,4.75,0.025,tmp,1.2933124966319986e-4,0,0.0015843078083741984
368,"(4.75,4.775]",4.75,4.775,0.025,tmp,1.5088645794039985e-4,0,0.0017351942663145982
369,"(4.775,4.8]",4.775,4.8,0.025,tmp,9.69984372473999e-5,0,0.0019507463490865981
370,"(4.8,4.825]",4.8,4.825,0.025,tmp,4.3110416554399954e-5,0,0.0018645255159777982
371,"(4.825,4.85]",4.825,4.85,0.025,tmp,3.2332812415799966e-5,0,0.0015627526000969985
372,"(4.85,4.875]",4.85,4.875,0.025,tmp,5.388802069299995e-5,0,0.0017351942663145982
373,"(4.875,4.9]",4.875,4.9,0.025,tmp,4.3110416554399954e-5,0,0.0017244166621759984
374,"(4.9,4.925]",4.9,4.925,0.025,tmp,6.466562483159993e-5,0,0.0016274182249285984
375,"(4.925,4.95]",4.925,4.95,0.025,tmp,4.3110416554399954e-5,0,0.0014226437462951985
376,"(4.95,4.975]",4.95,4.975,0.025,tmp,4.3110416554399954e-5,0,0.0012933124966319988
377,"(4.975,5]",4.975,5,0.025,tmp,2.1555208277199977e-5,0,0.0013795333297407985
378,"(5,5.025]",5,5.025,0.025,tmp,3.2332812415799966e-5,0,0.0011747588511073989
379,"(5.025,5.05]",5.025,5.05,0.025,tmp,1.0777604138599989e-5,0,0.0012070916635231988
380,"(5.05,5.075]",5.05,5.075,0.025,tmp,2.1555208277199977e-5,0,0.0011532036428301988
381,"(5.075,5.1]",5.075,5.1,0.025,tmp,1.0777604138599989e-5,0,0.0011963140593845988
9,"(-4.225,-4.2]",-4.225,-4.2,0.025,tmp,0,1.0777604138599989e-5,4.3110416554399954e-5
10,"(-4.2,-4.175]",-4.2,-4.175,0.025,tmp,0,6.466562483159993e-5,5.388802069299995e-5
13,"(-4.125,-4.1]",-4.125,-4.1,0.025,tmp,0,2.694401034649997e-4,8.622083310879991e-5
17,"(-4.025,-4]",-4.025,-4,0.025,tmp,0,9.160963517809991e-4,8.622083310879991e-5
21,"(-3.925,-3.9]",-3.925,-3.9,0.025,tmp,0,5.281026027913995e-4,1.6166406207899985e-4
22,"(-3.9,-3.875]",-3.9,-3.875,0.025,tmp,0,5.388802069299995e-5,1.2933124966319986e-4
25,"(-3.825,-3.8]",-3.825,-3.8,0.025,tmp,0,5.927682276229994e-4,9.69984372473999e-5
29,"(-3.725,-3.7]",-3.725,-3.7,0.025,tmp,0,6.574338524545993e-4,1.5088645794039985e-4
33,"(-3.625,-3.6]",-3.625,-3.6,0.025,tmp,0,6.897666648703993e-4,2.3710729104919976e-4
37,"(-3.525,-3.5]",-3.525,-3.5,0.025,tmp,0,4.203265614053996e-4,1.832192703561998e-4
38,"(-3.5,-3.475]",-3.5,-3.475,0.025,tmp,0,1.2933124966319986e-4,7.544322897019993e-5
41,"(-3.425,-3.4]",-3.425,-3.4,0.025,tmp,0,5.819906234843994e-4,6.466562483159993e-5
42,"(-3.4,-3.375]",-3.4,-3.375,0.025,tmp,0,1.1855364552459988e-4,1.6166406207899985e-4
45,"(-3.325,-3.3]",-3.325,-3.3,0.025,tmp,0,6.358786441773993e-4,2.047744786333998e-4
49,"(-3.225,-3.2]",-3.225,-3.2,0.025,tmp,0,3.772161448509996e-4,1.832192703561998e-4
50,"(-3.2,-3.175]",-3.2,-3.175,0.025,tmp,0,3.341057282965997e-4,1.5088645794039985e-4
53,"(-3.125,-3.1]",-3.125,-3.1,0.025,tmp,0,9.160963517809991e-4,2.2632968691059977e-4
57,"(-3.025,-3]",-3.025,-3,0.025,tmp,0,6.035458317615994e-4,3.017729158807997e-4
58,"(-3,-2.975]",-3,-2.975,0.025,tmp,0,1.7244166621759982e-4,2.047744786333998e-4
61,"(-2.925,-2.9]",-2.925,-2.9,0.025,tmp,0,5.927682276229994e-4,1.1855364552459988e-4
62,"(-2.9,-2.875]",-2.9,-2.875,0.025,tmp,0,3.341057282965997e-4,2.586624993263997e-4
65,"(-2.825,-2.8]",-2.825,-2.8,0.025,tmp,0,8.190979145335992e-4,3.017729158807997e-4
69,"(-2.725,-2.7]",-2.725,-2.7,0.025,tmp,0,8.083203103949992e-4,2.3710729104919976e-4
73,"(-2.625,-2.6]",-2.625,-2.6,0.025,tmp,0,0.0010669828097213988,2.802177076035997e-4
77,"(-2.525,-2.5]",-2.525,-2.5,0.025,tmp,0,0.001013094789028399,3.233281241579997e-4
78,"(-2.5,-2.475]",-2.5,-2.475,0.025,tmp,0,2.4788489518779973e-4,3.4488333243519963e-4
81,"(-2.425,-2.4]",-2.425,-2.4,0.025,tmp,0,9.592067683353991e-4,3.125505200193997e-4
82,"(-2.4,-2.375]",-2.4,-2.375,0.025,tmp,0,2.802177076035997e-4,4.742145820983995e-4
85,"(-2.325,-2.3]",-2.325,-2.3,0.025,tmp,0,0.0013903109338793986,6.466562483159994e-4
89,"(-2.225,-2.2]",-2.225,-2.2,0.025,tmp,0,0.0017567494745917983,6.358786441773993e-4
93,"(-2.125,-2.1]",-2.125,-2.1,0.025,tmp,0,0.002004634369779598,7.005442690089993e-4
97,"(-2.025,-2]",-2.025,-2,0.025,tmp,0,0.0019184135366707982,9.160963517809991e-4
98,"(-2,-1.975]",-2,-1.975,0.025,tmp,0,4.311041655439996e-4,7.544322897019992e-4
101,"(-1.925,-1.9]",-1.925,-1.9,0.025,tmp,0,0.001853747911839198,0.0011963140593845988
102,"(-1.9,-1.875]",-1.9,-1.875,0.025,tmp,0,4.203265614053996e-4,0.001002317184889799
105,"(-1.825,-1.8]",-1.825,-1.8,0.025,tmp,0,0.0026081802015411972,0.001002317184889799
109,"(-1.725,-1.7]",-1.725,-1.7,0.025,tmp,0,0.0015088645794039985,0.001088538017998599
110,"(-1.7,-1.675]",-1.7,-1.675,0.025,tmp,0,0.0011747588511073989,0.001099315622137199
113,"(-1.625,-1.6]",-1.625,-1.6,0.025,tmp,0,0.0035997197822923966,0.0013903109338793986
117,"(-1.525,-1.5]",-1.525,-1.5,0.025,tmp,0,0.0036212749905695962,0.0014765317669881985
118,"(-1.5,-1.475]",-1.5,-1.475,0.025,tmp,0,6.789890607317993e-4,0.0014010885380179986
121,"(-1.425,-1.4]",-1.425,-1.4,0.025,tmp,0,0.0045589265506277956,0.0013040901007705986
122,"(-1.4,-1.375]",-1.4,-1.375,0.025,tmp,0,8.514307269493991e-4,0.0017459718704531983
125,"(-1.325,-1.3]",-1.325,-1.3,0.025,tmp,0,0.006574338524545993,0.0013040901007705986
129,"(-1.225,-1.2]",-1.225,-1.2,0.025,tmp,0,0.004990030716171795,0.0014334213504337986
130,"(-1.2,-1.175]",-1.2,-1.175,0.025,tmp,0,0.002036967182195398,0.0014657541628495985
133,"(-1.125,-1.1]",-1.125,-1.1,0.025,tmp,0,0.0071347739397531924,0.0015627526000969985
137,"(-1.025,-1]",-1.025,-1,0.025,tmp,0,0.0073826588349409925,0.0014980869752653984
138,"(-1,-0.975]",-1,-0.975,0.025,tmp,0,0.001142426038691599,0.0012286468718003987
141,"(-0.925,-0.9]",-0.925,-0.9,0.025,tmp,0,0.01016328070269979,0.001088538017998599
145,"(-0.825,-0.8]",-0.825,-0.8,0.025,tmp,0,0.010357277577194589,0.0011855364552459987
149,"(-0.725,-0.7]",-0.725,-0.7,0.025,tmp,0,0.00935496039230479,0.0012933124966319988
157,"(-0.525,-0.5]",-0.525,-0.5,0.025,tmp,0,0.013946219755348386,0.0016920838497601982
1,"(-4.475,-4.45]",-4.475,-4.45,0.025,tmp,0,0,1.0777604138599989e-5
2,"(-4.45,-4.425]",-4.45,-4.425,0.025,tmp,0,0,3.2332812415799966e-5
3,"(-4.425,-4.4]",-4.425,-4.4,0.025,tmp,0,0,2.1555208277199977e-5
4,"(-4.35,-4.325]",-4.35,-4.325,0.025,tmp,0,0,3.2332812415799966e-5
5,"(-4.325,-4.3]",-4.325,-4.3,0.025,tmp,0,0,2.1555208277199977e-5
6,"(-4.3,-4.275]",-4.3,-4.275,0.025,tmp,0,0,3.2332812415799966e-5
7,"(-4.275,-4.25]",-4.275,-4.25,0.025,tmp,0,0,3.2332812415799966e-5
8,"(-4.25,-4.225]",-4.25,-4.225,0.025,tmp,0,0,2.1555208277199977e-5
11,"(-4.175,-4.15]",-4.175,-4.15,0.025,tmp,0,0,5.388802069299995e-5
12,"(-4.15,-4.125]",-4.15,-4.125,0.025,tmp,0,0,7.544322897019993e-5
14,"(-4.1,-4.075]",-4.1,-4.075,0.025,tmp,0,0,8.622083310879991e-5
15,"(-4.075,-4.05]",-4.075,-4.05,0.025,tmp,0,0,9.69984372473999e-5
16,"(-4.05,-4.025]",-4.05,-4.025,0.025,tmp,0,0,9.69984372473999e-5
18,"(-4,-3.975]",-4,-3.975,0.025,tmp,0,0,8.622083310879991e-5
19,"(-3.975,-3.95]",-3.975,-3.95,0.025,tmp,0,0,1.1855364552459988e-4
20,"(-3.95,-3.925]",-3.95,-3.925,0.025,tmp,0,0,1.1855364552459988e-4
23,"(-3.875,-3.85]",-3.875,-3.85,0.025,tmp,0,0,1.1855364552459988e-4
24,"(-3.85,-3.825]",-3.85,-3.825,0.025,tmp,0,0,9.69984372473999e-5
26,"(-3.8,-3.775]",-3.8,-3.775,0.025,tmp,0,0,1.5088645794039985e-4
27,"(-3.775,-3.75]",-3.775,-3.75,0.025,tmp,0,0,1.5088645794039985e-4
28,"(-3.75,-3.725]",-3.75,-3.725,0.025,tmp,0,0,1.4010885380179986e-4
30,"(-3.7,-3.675]",-3.7,-3.675,0.025,tmp,0,0,1.077760413859999e-4
31,"(-3.675,-3.65]",-3.675,-3.65,0.025,tmp,0,0,1.6166406207899985e-4
32,"(-3.65,-3.625]",-3.65,-3.625,0.025,tmp,0,0,2.155520827719998e-4
34,"(-3.6,-3.575]",-3.6,-3.575,0.025,tmp,0,0,1.4010885380179986e-4
35,"(-3.575,-3.55]",-3.575,-3.55,0.025,tmp,0,0,1.077760413859999e-4
36,"(-3.55,-3.525]",-3.55,-3.525,0.025,tmp,0,0,1.5088645794039985e-4
39,"(-3.475,-3.45]",-3.475,-3.45,0.025,tmp,0,0,1.7244166621759982e-4
40,"(-3.45,-3.425]",-3.45,-3.425,0.025,tmp,0,0,9.69984372473999e-5
43,"(-3.375,-3.35]",-3.375,-3.35,0.025,tmp,0,0,1.2933124966319986e-4
44,"(-3.35,-3.325]",-3.35,-3.325,0.025,tmp,0,0,2.2632968691059977e-4
46,"(-3.3,-3.275]",-3.3,-3.275,0.025,tmp,0,0,8.622083310879991e-5
47,"(-3.275,-3.25]",-3.275,-3.25,0.025,tmp,0,0,1.4010885380179986e-4
48,"(-3.25,-3.225]",-3.25,-3.225,0.025,tmp,0,0,1.832192703561998e-4
51,"(-3.175,-3.15]",-3.175,-3.15,0.025,tmp,0,0,1.4010885380179986e-4
52,"(-3.15,-3.125]",-3.15,-3.125,0.025,tmp,0,0,2.047744786333998e-4
54,"(-3.1,-3.075]",-3.1,-3.075,0.025,tmp,0,0,1.4010885380179986e-4
55,"(-3.075,-3.05]",-3.075,-3.05,0.025,tmp,0,0,2.4788489518779973e-4
56,"(-3.05,-3.025]",-3.05,-3.025,0.025,tmp,0,0,1.1855364552459988e-4
59,"(-2.975,-2.95]",-2.975,-2.95,0.025,tmp,0,0,2.4788489518779973e-4
60,"(-2.95,-2.925]",-2.95,-2.925,0.025,tmp,0,0,2.047744786333998e-4
63,"(-2.875,-2.85]",-2.875,-2.85,0.025,tmp,0,0,2.2632968691059977e-4
64,"(-2.85,-2.825]",-2.85,-2.825,0.025,tmp,0,0,2.155520827719998e-4
66,"(-2.8,-2.775]",-2.8,-2.775,0.025,tmp,0,0,3.879937489895996e-4
67,"(-2.775,-2.75]",-2.775,-2.75,0.025,tmp,0,0,2.802177076035997e-4
68,"(-2.75,-2.725]",-2.75,-2.725,0.025,tmp,0,0,2.3710729104919976e-4
70,"(-2.7,-2.675]",-2.7,-2.675,0.025,tmp,0,0,4.4188176968259954e-4
71,"(-2.675,-2.65]",-2.675,-2.65,0.025,tmp,0,0,2.694401034649997e-4
72,"(-2.65,-2.625]",-2.65,-2.625,0.025,tmp,0,0,2.047744786333998e-4
74,"(-2.6,-2.575]",-2.6,-2.575,0.025,tmp,0,0,2.694401034649997e-4
75,"(-2.575,-2.55]",-2.575,-2.55,0.025,tmp,0,0,4.203265614053996e-4
76,"(-2.55,-2.525]",-2.55,-2.525,0.025,tmp,0,0,4.5265937382119953e-4
79,"(-2.475,-2.45]",-2.475,-2.45,0.025,tmp,0,0,3.341057282965997e-4
80,"(-2.45,-2.425]",-2.45,-2.425,0.025,tmp,0,0,4.849921862369995e-4
83,"(-2.375,-2.35]",-2.375,-2.35,0.025,tmp,0,0,4.5265937382119953e-4
84,"(-2.35,-2.325]",-2.35,-2.325,0.025,tmp,0,0,6.251010400387994e-4
86,"(-2.3,-2.275]",-2.3,-2.275,0.025,tmp,0,0,4.634369779597995e-4
87,"(-2.275,-2.25]",-2.275,-2.25,0.025,tmp,0,0,5.496578110685995e-4
88,"(-2.25,-2.225]",-2.25,-2.225,0.025,tmp,0,0,6.574338524545993e-4
90,"(-2.2,-2.175]",-2.2,-2.175,0.025,tmp,0,0,6.251010400387994e-4
91,"(-2.175,-2.15]",-2.175,-2.15,0.025,tmp,0,0,7.975427062563992e-4
92,"(-2.15,-2.125]",-2.15,-2.125,0.025,tmp,0,0,8.083203103949992e-4
94,"(-2.1,-2.075]",-2.1,-2.075,0.025,tmp,0,0,7.759874979791992e-4
95,"(-2.075,-2.05]",-2.075,-2.05,0.025,tmp,0,0,6.682114565931994e-4
96,"(-2.05,-2.025]",-2.05,-2.025,0.025,tmp,0,0,8.837635393651991e-4
99,"(-1.975,-1.95]",-1.975,-1.95,0.025,tmp,0,0,0.001034649997305599
100,"(-1.95,-1.925]",-1.95,-1.925,0.025,tmp,0,0,8.837635393651991e-4
103,"(-1.875,-1.85]",-1.875,-1.85,0.025,tmp,0,0,0.001034649997305599
104,"(-1.85,-1.825]",-1.85,-1.825,0.025,tmp,0,0,0.001002317184889799
106,"(-1.8,-1.775]",-1.8,-1.775,0.025,tmp,0,0,0.001056205205582799
107,"(-1.775,-1.75]",-1.775,-1.75,0.025,tmp,0,0,0.0011100932262757988
108,"(-1.75,-1.725]",-1.75,-1.725,0.025,tmp,0,0,0.0014118661421565987
111,"(-1.675,-1.65]",-1.675,-1.65,0.025,tmp,0,0,0.0013364229131863988
112,"(-1.65,-1.625]",-1.65,-1.625,0.025,tmp,0,0,0.0012933124966319988
114,"(-1.6,-1.575]",-1.6,-1.575,0.025,tmp,0,0,0.0012070916635231988
115,"(-1.575,-1.55]",-1.575,-1.55,0.025,tmp,0,0,0.0015411973918197984
116,"(-1.55,-1.525]",-1.55,-1.525,0.025,tmp,0,0,0.0014980869752653984
119,"(-1.475,-1.45]",-1.475,-1.45,0.025,tmp,0,0,0.0014441989545723986
120,"(-1.45,-1.425]",-1.45,-1.425,0.025,tmp,0,0,0.0015411973918197984
123,"(-1.375,-1.35]",-1.375,-1.35,0.025,tmp,0,0,0.0015196421835425985
124,"(-1.35,-1.325]",-1.35,-1.325,0.025,tmp,0,0,0.0015843078083741984
126,"(-1.3,-1.275]",-1.3,-1.275,0.025,tmp,0,0,0.0015411973918197984
127,"(-1.275,-1.25]",-1.275,-1.25,0.025,tmp,0,0,0.0011855364552459987
128,"(-1.25,-1.225]",-1.25,-1.225,0.025,tmp,0,0,0.0014226437462951985
131,"(-1.175,-1.15]",-1.175,-1.15,0.025,tmp,0,0,0.0014873093711267986
132,"(-1.15,-1.125]",-1.15,-1.125,0.025,tmp,0,0,0.0013795333297407985
134,"(-1.1,-1.075]",-1.1,-1.075,0.025,tmp,0,0,0.0013256453090477987
135,"(-1.075,-1.05]",-1.075,-1.05,0.025,tmp,0,0,0.0013687557256021987
136,"(-1.05,-1.025]",-1.05,-1.025,0.025,tmp,0,0,0.0013040901007705986
139,"(-0.975,-0.95]",-0.975,-0.95,0.025,tmp,0,0,0.0013148677049091987
140,"(-0.95,-0.925]",-0.95,-0.925,0.025,tmp,0,0,0.0014765317669881985
142,"(-0.9,-0.875]",-0.9,-0.875,0.025,tmp,0,0,0.0014334213504337986
143,"(-0.875,-0.85]",-0.875,-0.85,0.025,tmp,0,0,0.001142426038691599
144,"(-0.85,-0.825]",-0.85,-0.825,0.025,tmp,0,0,0.0013579781214635986
146,"(-0.8,-0.775]",-0.8,-0.775,0.025,tmp,0,0,0.0013040901007705986
147,"(-0.775,-0.75]",-0.775,-0.75,0.025,tmp,0,0,0.0013256453090477987
148,"(-0.75,-0.725]",-0.75,-0.725,0.025,tmp,0,0,0.0015950854125127984
151,"(-0.675,-0.65]",-0.675,-0.65,0.025,tmp,0,0,0.001939968744947998
152,"(-0.65,-0.625]",-0.65,-0.625,0.025,tmp,0,0,0.002036967182195398
156,"(-0.55,-0.525]",-0.55,-0.525,0.025,tmp,0,0,0.0016597510373443983
382,"(5.1,5.125]",5.1,5.125,0.025,tmp,0,0,0.0013472005173249986
383,"(5.125,5.15]",5.125,5.15,0.025,tmp,0,0,0.0013687557256021987
384,"(5.15,5.175]",5.15,5.175,0.025,tmp,0,0,0.0013472005173249986
385,"(5.175,5.2]",5.175,5.2,0.025,tmp,0,0,0.0012502020800775988
386,"(5.2,5.225]",5.2,5.225,0.025,tmp,0,0,0.0010777604138599989
387,"(5.225,5.25]",5.225,5.25,0.025,tmp,0,0,0.0012717572883547987
388,"(5.25,5.275]",5.25,5.275,0.025,tmp,0,0,0.0012070916635231988
389,"(5.275,5.3]",5.275,5.3,0.025,tmp,0,0,0.001034649997305599
390,"(5.3,5.325]",5.3,5.325,0.025,tmp,0,0,0.0011532036428301988
391,"(5.325,5.35]",5.325,5.35,0.025,tmp,0,0,0.0012286468718003987
392,"(5.35,5.375]",5.35,5.375,0.025,tmp,0,0,9.26873955919599e-4
393,"(5.375,5.4]",5.375,5.4,0.025,tmp,0,0,0.001088538017998599
394,"(5.4,5.425]",5.4,5.425,0.025,tmp,0,0,0.001142426038691599
395,"(5.425,5.45]",5.425,5.45,0.025,tmp,0,0,0.0010777604138599989
396,"(5.45,5.475]",5.45,5.475,0.025,tmp,0,0,0.0012178692676617989
397,"(5.475,5.5]",5.475,5.5,0.025,tmp,0,0,0.001045427601444199
398,"(5.5,5.525]",5.5,5.525,0.025,tmp,0,0,0.0011639812469687988
399,"(5.525,5.55]",5.525,5.55,0.025,tmp,0,0,0.0011100932262757988
400,"(5.55,5.575]",5.55,5.575,0.025,tmp,0,0,9.160963517809991e-4
401,"(5.575,5.6]",5.575,5.6,0.025,tmp,0,0,9.592067683353991e-4
402,"(5.6,5.625]",5.6,5.625,0.025,tmp,0,0,9.91539580751199e-4
403,"(5.625,5.65]",5.625,5.65,0.025,tmp,0,0,8.622083310879992e-4
404,"(5.65,5.675]",5.65,5.675,0.025,tmp,0,0,8.945411435037991e-4
405,"(5.675,5.7]",5.675,5.7,0.025,tmp,0,0,8.622083310879992e-4
406,"(5.7,5.725]",5.7,5.725,0.025,tmp,0,0,8.190979145335992e-4
407,"(5.725,5.75]",5.725,5.75,0.025,tmp,0,0,9.48429164196799e-4
408,"(5.75,5.775]",5.75,5.775,0.025,tmp,0,0,8.190979145335992e-4
409,"(5.775,5.8]",5.775,5.8,0.025,tmp,0,0,9.592067683353991e-4
410,"(5.8,5.825]",5.8,5.825,0.025,tmp,0,0,7.867651021177992e-4
411,"(5.825,5.85]",5.825,5.85,0.025,tmp,0,0,7.005442690089993e-4
412,"(5.85,5.875]",5.85,5.875,0.025,tmp,0,0,9.592067683353991e-4
413,"(5.875,5.9]",5.875,5.9,0.025,tmp,0,0,8.190979145335992e-4
414,"(5.9,5.925]",5.9,5.925,0.025,tmp,0,0,7.544322897019992e-4
415,"(5.925,5.95]",5.925,5.95,0.025,tmp,0,0,0.001013094789028399
416,"(5.95,5.975]",5.95,5.975,0.025,tmp,0,0,9.592067683353991e-4
417,"(5.975,6]",5.975,6,0.025,tmp,0,0,9.053187476423991e-4
418,"(6,6.025]",6,6.025,0.025,tmp,0,0,7.436546855633993e-4
419,"(6.025,6.05]",6.025,6.05,0.025,tmp,0,0,7.544322897019992e-4
420,"(6.05,6.075]",6.05,6.075,0.025,tmp,0,0,9.26873955919599e-4
421,"(6.075,6.1]",6.075,6.1,0.025,tmp,0,0,7.652098938405993e-4
422,"(6.1,6.125]",6.1,6.125,0.025,tmp,0,0,8.298755186721991e-4
423,"(6.125,6.15]",6.125,6.15,0.025,tmp,0,0,6.358786441773993e-4
424,"(6.15,6.175]",6.15,6.175,0.025,tmp,0,0,8.190979145335992e-4
425,"(6.175,6.2]",6.175,6.2,0.025,tmp,0,0,9.80761976612599e-4
426,"(6.2,6.225]",6.2,6.225,0.025,tmp,0,0,6.789890607317993e-4
427,"(6.225,6.25]",6.225,6.25,0.025,tmp,0,0,9.48429164196799e-4
428,"(6.25,6.275]",6.25,6.275,0.025,tmp,0,0,7.759874979791992e-4
429,"(6.275,6.3]",6.275,6.3,0.025,tmp,0,0,7.759874979791992e-4
430,"(6.3,6.325]",6.3,6.325,0.025,tmp,0,0,8.298755186721991e-4
431,"(6.325,6.35]",6.325,6.35,0.025,tmp,0,0,7.759874979791992e-4
432,"(6.35,6.375]",6.35,6.375,0.025,tmp,0,0,5.927682276229994e-4
433,"(6.375,6.4]",6.375,6.4,0.025,tmp,0,0,7.867651021177992e-4
434,"(6.4,6.425]",6.4,6.425,0.025,tmp,0,0,6.897666648703993e-4
435,"(6.425,6.45]",6.425,6.45,0.025,tmp,0,0,6.789890607317993e-4
436,"(6.45,6.475]",6.45,6.475,0.025,tmp,0,0,7.113218731475993e-4
437,"(6.475,6.5]",6.475,6.5,0.025,tmp,0,0,9.48429164196799e-4
438,"(6.5,6.525]",6.5,6.525,0.025,tmp,0,0,7.975427062563992e-4
439,"(6.525,6.55]",6.525,6.55,0.025,tmp,0,0,7.328770814247992e-4
440,"(6.55,6.575]",6.55,6.575,0.025,tmp,0,0,9.376515600581991e-4
441,"(6.575,6.6]",6.575,6.6,0.025,tmp,0,0,9.592067683353991e-4
442,"(6.6,6.625]",6.6,6.625,0.025,tmp,0,0,9.26873955919599e-4
443,"(6.625,6.65]",6.625,6.65,0.025,tmp,0,0,7.436546855633993e-4
444,"(6.65,6.675]",6.65,6.675,0.025,tmp,0,0,8.083203103949992e-4
445,"(6.675,6.7]",6.675,6.7,0.025,tmp,0,0,7.867651021177992e-4
446,"(6.7,6.725]",6.7,6.725,0.025,tmp,0,0,7.975427062563992e-4
447,"(6.725,6.75]",6.725,6.75,0.025,tmp,0,0,7.220994772861993e-4
448,"(6.75,6.775]",6.75,6.775,0.025,tmp,0,0,6.897666648703993e-4
449,"(6.775,6.8]",6.775,6.8,0.025,tmp,0,0,8.083203103949992e-4
450,"(6.8,6.825]",6.8,6.825,0.025,tmp,0,0,7.544322897019992e-4
451,"(6.825,6.85]",6.825,6.85,0.025,tmp,0,0,7.975427062563992e-4
452,"(6.85,6.875]",6.85,6.875,0.025,tmp,0,0,6.358786441773993e-4
453,"(6.875,6.9]",6.875,6.9,0.025,tmp,0,0,4.203265614053996e-4
454,"(6.9,6.925]",6.9,6.925,0.025,tmp,0,0,6.466562483159994e-4
455,"(6.925,6.95]",6.925,6.95,0.025,tmp,0,0,7.005442690089993e-4
456,"(6.95,6.975]",6.95,6.975,0.025,tmp,0,0,5.496578110685995e-4
457,"(6.975,7]",6.975,7,0.025,tmp,0,0,5.712130193457995e-4
458,"(7,7.025]",7,7.025,0.025,tmp,0,0,6.574338524545993e-4
459,"(7.025,7.05]",7.025,7.05,0.025,tmp,0,0,4.634369779597995e-4
460,"(7.05,7.075]",7.05,7.075,0.025,tmp,0,0,6.143234359001994e-4
461,"(7.075,7.1]",7.075,7.1,0.025,tmp,0,0,4.5265937382119953e-4
462,"(7.1,7.125]",7.1,7.125,0.025,tmp,0,0,3.772161448509996e-4
463,"(7.125,7.15]",7.125,7.15,0.025,tmp,0,0,6.358786441773993e-4
464,"(7.15,7.175]",7.15,7.175,0.025,tmp,0,0,3.879937489895996e-4
465,"(7.175,7.2]",7.175,7.2,0.025,tmp,0,0,3.017729158807997e-4
466,"(7.2,7.225]",7.2,7.225,0.025,tmp,0,0,4.957697903755995e-4
467,"(7.225,7.25]",7.225,7.25,0.025,tmp,0,0,4.311041655439996e-4
468,"(7.25,7.275]",7.25,7.275,0.025,tmp,0,0,3.987713531281996e-4
469,"(7.275,7.3]",7.275,7.3,0.025,tmp,0,0,2.694401034649997e-4
470,"(7.3,7.325]",7.3,7.325,0.025,tmp,0,0,2.694401034649997e-4
471,"(7.325,7.35]",7.325,7.35,0.025,tmp,0,0,4.095489572667996e-4
472,"(7.35,7.375]",7.35,7.375,0.025,tmp,0,0,3.125505200193997e-4
473,"(7.375,7.4]",7.375,7.4,0.025,tmp,0,0,3.341057282965997e-4
474,"(7.4,7.425]",7.4,7.425,0.025,tmp,0,0,3.4488333243519963e-4
475,"(7.425,7.45]",7.425,7.45,0.025,tmp,0,0,2.694401034649997e-4
476,"(7.45,7.475]",7.45,7.475,0.025,tmp,0,0,3.987713531281996e-4
477,"(7.475,7.5]",7.475,7.5,0.025,tmp,0,0,4.742145820983995e-4
478,"(7.5,7.525]",7.5,7.525,0.025,tmp,0,0,3.5566093657379963e-4
479,"(7.525,7.55]",7.525,7.55,0.025,tmp,0,0,3.4488333243519963e-4
480,"(7.55,7.575]",7.55,7.575,0.025,tmp,0,0,2.155520827719998e-4
481,"(7.575,7.6]",7.575,7.6,0.025,tmp,0,0,3.772161448509996e-4
482,"(7.6,7.625]",7.6,7.625,0.025,tmp,0,0,2.4788489518779973e-4
483,"(7.625,7.65]",7.625,7.65,0.025,tmp,0,0,3.017729158807997e-4
484,"(7.65,7.675]",7.65,7.675,0.025,tmp,0,0,2.586624993263997e-4
485,"(7.675,7.7]",7.675,7.7,0.025,tmp,0,0,2.586624993263997e-4
486,"(7.7,7.725]",7.7,7.725,0.025,tmp,0,0,2.4788489518779973e-4
487,"(7.725,7.75]",7.725,7.75,0.025,tmp,0,0,3.233281241579997e-4
488,"(7.75,7.775]",7.75,7.775,0.025,tmp,0,0,1.939968744947998e-4
489,"(7.775,7.8]",7.775,7.8,0.025,tmp,0,0,2.909953117421997e-4
490,"(7.8,7.825]",7.8,7.825,0.025,tmp,0,0,2.586624993263997e-4
491,"(7.825,7.85]",7.825,7.85,0.025,tmp,0,0,2.047744786333998e-4
492,"(7.85,7.875]",7.85,7.875,0.025,tmp,0,0,1.832192703561998e-4
493,"(7.875,7.9]",7.875,7.9,0.025,tmp,0,0,2.3710729104919976e-4
494,"(7.9,7.925]",7.9,7.925,0.025,tmp,0,0,2.4788489518779973e-4
495,"(7.925,7.95]",7.925,7.95,0.025,tmp,0,0,2.047744786333998e-4
496,"(7.95,7.975]",7.95,7.975,0.025,tmp,0,0,2.2632968691059977e-4
497,"(7.975,8]",7.975,8,0.025,tmp,0,0,2.3710729104919976e-4
498,"(8,8.025]",8,8.025,0.025,tmp,0,0,1.832192703561998e-4
499,"(8.025,8.05]",8.025,8.05,0.025,tmp,0,0,1.4010885380179986e-4
500,"(8.05,8.075]",8.05,8.075,0.025,tmp,0,0,2.155520827719998e-4
501,"(8.075,8.1]",8.075,8.1,0.025,tmp,0,0,2.2632968691059977e-4
502,"(8.1,8.125]",8.1,8.125,0.025,tmp,0,0,1.832192703561998e-4
503,"(8.125,8.15]",8.125,8.15,0.025,tmp,0,0,1.832192703561998e-4
504,"(8.15,8.175]",8.15,8.175,0.025,tmp,0,0,1.5088645794039985e-4
505,"(8.175,8.2]",8.175,8.2,0.025,tmp,0,0,1.6166406207899985e-4
506,"(8.2,8.225]",8.2,8.225,0.025,tmp,0,0,1.1855364552459988e-4
507,"(8.225,8.25]",8.225,8.25,0.025,tmp,0,0,1.077760413859999e-4
508,"(8.25,8.275]",8.25,8.275,0.025,tmp,0,0,1.1855364552459988e-4
509,"(8.275,8.3]",8.275,8.3,0.025,tmp,0,0,1.6166406207899985e-4
510,"(8.3,8.325]",8.3,8.325,0.025,tmp,0,0,1.7244166621759982e-4
511,"(8.325,8.35]",8.325,8.35,0.025,tmp,0,0,1.7244166621759982e-4
512,"(8.35,8.375]",8.35,8.375,0.025,tmp,0,0,6.466562483159993e-5
513,"(8.375,8.4]",8.375,8.4,0.025,tmp,0,0,1.1855364552459988e-4
514,"(8.4,8.425]",8.4,8.425,0.025,tmp,0,0,1.6166406207899985e-4
515,"(8.425,8.45]",8.425,8.45,0.025,tmp,0,0,1.5088645794039985e-4
516,"(8.45,8.475]",8.45,8.475,0.025,tmp,0,0,9.69984372473999e-5
517,"(8.475,8.5]",8.475,8.5,0.025,tmp,0,0,1.5088645794039985e-4
518,"(8.5,8.525]",8.5,8.525,0.025,tmp,0,0,1.6166406207899985e-4
519,"(8.525,8.55]",8.525,8.55,0.025,tmp,0,0,1.077760413859999e-4
520,"(8.55,8.575]",8.55,8.575,0.025,tmp,0,0,1.5088645794039985e-4
521,"(8.575,8.6]",8.575,8.6,0.025,tmp,0,0,9.69984372473999e-5
522,"(8.6,8.625]",8.6,8.625,0.025,tmp,0,0,1.077760413859999e-4
523,"(8.625,8.65]",8.625,8.65,0.025,tmp,0,0,1.5088645794039985e-4
524,"(8.65,8.675]",8.65,8.675,0.025,tmp,0,0,1.4010885380179986e-4
525,"(8.675,8.7]",8.675,8.7,0.025,tmp,0,0,1.5088645794039985e-4
526,"(8.7,8.725]",8.7,8.725,0.025,tmp,0,0,2.047744786333998e-4
527,"(8.725,8.75]",8.725,8.75,0.025,tmp,0,0,1.6166406207899985e-4
528,"(8.75,8.775]",8.75,8.775,0.025,tmp,0,0,1.6166406207899985e-4
529,"(8.775,8.8]",8.775,8.8,0.025,tmp,0,0,1.5088645794039985e-4
530,"(8.8,8.825]",8.8,8.825,0.025,tmp,0,0,1.2933124966319986e-4
531,"(8.825,8.85]",8.825,8.85,0.025,tmp,0,0,1.2933124966319986e-4
532,"(8.85,8.875]",8.85,8.875,0.025,tmp,0,0,1.4010885380179986e-4
533,"(8.875,8.9]",8.875,8.9,0.025,tmp,0,0,1.5088645794039985e-4
534,"(8.9,8.925]",8.9,8.925,0.025,tmp,0,0,1.6166406207899985e-4
535,"(8.925,8.95]",8.925,8.95,0.025,tmp,0,0,1.2933124966319986e-4
536,"(8.95,8.975]",8.95,8.975,0.025,tmp,0,0,1.7244166621759982e-4
537,"(8.975,9]",8.975,9,0.025,tmp,0,0,1.1855364552459988e-4
538,"(9,9.025]",9,9.025,0.025,tmp,0,0,2.047744786333998e-4
539,"(9.025,9.05]",9.025,9.05,0.025,tmp,0,0,1.2933124966319986e-4
540,"(9.05,9.075]",9.05,9.075,0.025,tmp,0,0,1.4010885380179986e-4
541,"(9.075,9.1]",9.075,9.1,0.025,tmp,0,0,1.077760413859999e-4
542,"(9.1,9.125]",9.1,9.125,0.025,tmp,0,0,1.1855364552459988e-4
543,"(9.125,9.15]",9.125,9.15,0.025,tmp,0,0,1.7244166621759982e-4
544,"(9.15,9.175]",9.15,9.175,0.025,tmp,0,0,1.2933124966319986e-4
545,"(9.175,9.2]",9.175,9.2,0.025,tmp,0,0,1.6166406207899985e-4
546,"(9.2,9.225]",9.2,9.225,0.025,tmp,0,0,1.1855364552459988e-4
547,"(9.225,9.25]",9.225,9.25,0.025,tmp,0,0,1.077760413859999e-4
548,"(9.25,9.275]",9.25,9.275,0.025,tmp,0,0,1.5088645794039985e-4
549,"(9.275,9.3]",9.275,9.3,0.025,tmp,0,0,1.2933124966319986e-4
550,"(9.3,9.325]",9.3,9.325,0.025,tmp,0,0,1.077760413859999e-4
551,"(9.325,9.35]",9.325,9.35,0.025,tmp,0,0,9.69984372473999e-5
552,"(9.35,9.375]",9.35,9.375,0.025,tmp,0,0,1.4010885380179986e-4
553,"(9.375,9.4]",9.375,9.4,0.025,tmp,0,0,8.622083310879991e-5
554,"(9.4,9.425]",9.4,9.425,0.025,tmp,0,0,9.69984372473999e-5
555,"(9.425,9.45]",9.425,9.45,0.025,tmp,0,0,1.5088645794039985e-4
556,"(9.45,9.475]",9.45,9.475,0.025,tmp,0,0,7.544322897019993e-5
557,"(9.475,9.5]",9.475,9.5,0.025,tmp,0,0,8.622083310879991e-5
558,"(9.5,9.525]",9.5,9.525,0.025,tmp,0,0,7.544322897019993e-5
559,"(9.525,9.55]",9.525,9.55,0.025,tmp,0,0,1.4010885380179986e-4
560,"(9.55,9.575]",9.55,9.575,0.025,tmp,0,0,1.1855364552459988e-4
561,"(9.575,9.6]",9.575,9.6,0.025,tmp,0,0,1.2933124966319986e-4
562,"(9.6,9.625]",9.6,9.625,0.025,tmp,0,0,9.69984372473999e-5
563,"(9.625,9.65]",9.625,9.65,0.025,tmp,0,0,1.077760413859999e-4
564,"(9.65,9.675]",9.65,9.675,0.025,tmp,0,0,1.4010885380179986e-4
565,"(9.675,9.7]",9.675,9.7,0.025,tmp,0,0,1.939968744947998e-4
566,"(9.7,9.725]",9.7,9.725,0.025,tmp,0,0,5.388802069299995e-5
567,"(9.725,9.75]",9.725,9.75,0.025,tmp,0,0,1.6166406207899985e-4
568,"(9.75,9.775]",9.75,9.775,0.025,tmp,0,0,1.7244166621759982e-4
569,"(9.775,9.8]",9.775,9.8,0.025,tmp,0,0,1.7244166621759982e-4
570,"(9.8,9.825]",9.8,9.825,0.025,tmp,0,0,9.69984372473999e-5
571,"(9.825,9.85]",9.825,9.85,0.025,tmp,0,0,9.69984372473999e-5
572,"(9.85,9.875]",9.85,9.875,0.025,tmp,0,0,9.69984372473999e-5
573,"(9.875,9.9]",9.875,9.9,0.025,tmp,0,0,6.466562483159993e-5
574,"(9.9,9.925]",9.9,9.925,0.025,tmp,0,0,1.4010885380179986e-4
575,"(9.925,9.95]",9.925,9.95,0.025,tmp,0,0,8.622083310879991e-5
576,"(9.95,9.975]",9.95,9.975,0.025,tmp,0,0,8.622083310879991e-5
577,"(9.975,10]",9.975,10,0.025,tmp,0,0,1.2933124966319986e-4
578,"(10,10.03]",10,10.03,0.025,tmp,0,0,1.2933124966319986e-4
579,"(10.03,10.05]",10.03,10.05,0.025,tmp,0,0,1.1855364552459988e-4
580,"(10.05,10.08]",10.05,10.08,0.025,tmp,0,0,6.466562483159993e-5
581,"(10.08,10.1]",10.08,10.1,0.025,tmp,0,0,9.69984372473999e-5
582,"(10.1,10.12]",10.1,10.12,0.025,tmp,0,0,6.466562483159993e-5
583,"(10.12,10.15]",10.12,10.15,0.025,tmp,0,0,1.077760413859999e-4
584,"(10.15,10.18]",10.15,10.18,0.025,tmp,0,0,9.69984372473999e-5
585,"(10.18,10.2]",10.18,10.2,0.025,tmp,0,0,8.622083310879991e-5
586,"(10.2,10.23]",10.2,10.23,0.025,tmp,0,0,7.544322897019993e-5
587,"(10.23,10.25]",10.23,10.25,0.025,tmp,0,0,1.1855364552459988e-4
588,"(10.25,10.28]",10.25,10.28,0.025,tmp,0,0,1.1855364552459988e-4
589,"(10.28,10.3]",10.28,10.3,0.025,tmp,0,0,1.2933124966319986e-4
590,"(10.3,10.33]",10.3,10.33,0.025,tmp,0,0,1.077760413859999e-4
591,"(10.33,10.35]",10.33,10.35,0.025,tmp,0,0,7.544322897019993e-5
592,"(10.35,10.38]",10.35,10.38,0.025,tmp,0,0,8.622083310879991e-5
593,"(10.38,10.4]",10.38,10.4,0.025,tmp,0,0,1.939968744947998e-4
594,"(10.4,10.43]",10.4,10.43,0.025,tmp,0,0,1.4010885380179986e-4
595,"(10.43,10.45]",10.43,10.45,0.025,tmp,0,0,1.7244166621759982e-4
596,"(10.45,10.48]",10.45,10.48,0.025,tmp,0,0,1.4010885380179986e-4
597,"(10.48,10.5]",10.48,10.5,0.025,tmp,0,0,1.4010885380179986e-4
598,"(10.5,10.53]",10.5,10.53,0.025,tmp,0,0,1.077760413859999e-4
599,"(10.53,10.55]",10.53,10.55,0.025,tmp,0,0,1.077760413859999e-4
600,"(10.55,10.58]",10.55,10.58,0.025,tmp,0,0,7.544322897019993e-5
601,"(10.58,10.6]",10.58,10.6,0.025,tmp,0,0,1.2933124966319986e-4
602,"(10.6,10.62]",10.6,10.62,0.025,tmp,0,0,9.69984372473999e-5
603,"(10.62,10.65]",10.62,10.65,0.025,tmp,0,0,1.6166406207899985e-4
604,"(10.65,10.68]",10.65,10.68,0.025,tmp,0,0,2.694401034649997e-4
605,"(10.68,10.7]",10.68,10.7,0.025,tmp,0,0,2.047744786333998e-4
606,"(10.7,10.73]",10.7,10.73,0.025,tmp,0,0,6.466562483159993e-5
607,"(10.73,10.75]",10.73,10.75,0.025,tmp,0,0,2.047744786333998e-4
608,"(10.75,10.78]",10.75,10.78,0.025,tmp,0,0,1.832192703561998e-4
609,"(10.78,10.8]",10.78,10.8,0.025,tmp,0,0,1.5088645794039985e-4
610,"(10.8,10.83]",10.8,10.83,0.025,tmp,0,0,2.047744786333998e-4
611,"(10.83,10.85]",10.83,10.85,0.025,tmp,0,0,2.586624993263997e-4
612,"(10.85,10.88]",10.85,10.88,0.025,tmp,0,0,1.7244166621759982e-4
613,"(10.88,10.9]",10.88,10.9,0.025,tmp,0,0,2.3710729104919976e-4
614,"(10.9,10.93]",10.9,10.93,0.025,tmp,0,0,1.2933124966319986e-4
615,"(10.93,10.95]",10.93,10.95,0.025,tmp,0,0,1.4010885380179986e-4
616,"(10.95,10.98]",10.95,10.98,0.025,tmp,0,0,1.5088645794039985e-4
617,"(10.98,11]",10.98,11,0.025,tmp,0,0,1.832192703561998e-4
618,"(11,11.03]",11,11.03,0.025,tmp,0,0,1.2933124966319986e-4
619,"(11.03,11.05]",11.03,11.05,0.025,tmp,0,0,1.1855364552459988e-4
620,"(11.05,11.07]",11.05,11.07,0.025,tmp,0,0,1.1855364552459988e-4
621,"(11.07,11.1]",11.07,11.1,0.025,tmp,0,0,1.7244166621759982e-4
622,"(11.1,11.12]",11.1,11.12,0.025,tmp,0,0,9.69984372473999e-5
623,"(11.12,11.15]",11.12,11.15,0.025,tmp,0,0,2.155520827719998e-4
624,"(11.15,11.18]",11.15,11.18,0.025,tmp,0,0,1.6166406207899985e-4
625,"(11.18,11.2]",11.18,11.2,0.025,tmp,0,0,1.1855364552459988e-4
626,"(11.2,11.23]",11.2,11.23,0.025,tmp,0,0,1.5088645794039985e-4
627,"(11.23,11.25]",11.23,11.25,0.025,tmp,0,0,7.544322897019993e-5
628,"(11.25,11.28]",11.25,11.28,0.025,tmp,0,0,1.077760413859999e-4
629,"(11.28,11.3]",11.28,11.3,0.025,tmp,0,0,1.5088645794039985e-4
630,"(11.3,11.32]",11.3,11.32,0.025,tmp,0,0,6.466562483159993e-5
631,"(11.32,11.35]",11.32,11.35,0.025,tmp,0,0,1.2933124966319986e-4
632,"(11.35,11.38]",11.35,11.38,0.025,tmp,0,0,2.1555208277199977e-5
633,"(11.38,11.4]",11.38,11.4,0.025,tmp,0,0,5.388802069299995e-5
634,"(11.4,11.43]",11.4,11.43,0.025,tmp,0,0,7.544322897019993e-5
635,"(11.43,11.45]",11.43,11.45,0.025,tmp,0,0,1.2933124966319986e-4
636,"(11.45,11.48]",11.45,11.48,0.025,tmp,0,0,3.2332812415799966e-5
637,"(11.48,11.5]",11.48,11.5,0.025,tmp,0,0,3.2332812415799966e-5
638,"(11.5,11.53]",11.5,11.53,0.025,tmp,0,0,4.3110416554399954e-5
639,"(11.53,11.55]",11.53,11.55,0.025,tmp,0,0,3.2332812415799966e-5
640,"(11.55,11.57]",11.55,11.57,0.025,tmp,0,0,3.2332812415799966e-5
641,"(11.57,11.6]",11.57,11.6,0.025,tmp,0,0,6.466562483159993e-5
642,"(11.6,11.62]",11.6,11.62,0.025,tmp,0,0,5.388802069299995e-5
643,"(11.62,11.65]",11.62,11.65,0.025,tmp,0,0,6.466562483159993e-5
644,"(11.68,11.7]",11.68,11.7,0.025,tmp,0,0,3.2332812415799966e-5
645,"(11.7,11.73]",11.7,11.73,0.025,tmp,0,0,7.544322897019993e-5
646,"(11.73,11.75]",11.73,11.75,0.025,tmp,0,0,3.2332812415799966e-5
647,"(11.75,11.78]",11.75,11.78,0.025,tmp,0,0,2.1555208277199977e-5
648,"(11.78,11.8]",11.78,11.8,0.025,tmp,0,0,3.2332812415799966e-5
649,"(11.8,11.82]",11.8,11.82,0.025,tmp,0,0,3.2332812415799966e-5
650,"(11.82,11.85]",11.82,11.85,0.025,tmp,0,0,3.2332812415799966e-5
651,"(11.85,11.88]",11.85,11.88,0.025,tmp,0,0,3.2332812415799966e-5
652,"(11.88,11.9]",11.88,11.9,0.025,tmp,0,0,8.622083310879991e-5
653,"(11.9,11.93]",11.9,11.93,0.025,tmp,0,0,1.0777604138599989e-5
654,"(11.93,11.95]",11.93,11.95,0.025,tmp,0,0,3.2332812415799966e-5
655,"(11.95,11.98]",11.95,11.98,0.025,tmp,0,0,3.2332812415799966e-5
656,"(11.98,12]",11.98,12,0.025,tmp,0,0,5.388802069299995e-5
657,"(12,12.03]",12,12.03,0.025,tmp,0,0,3.2332812415799966e-5
658,"(12.03,12.05]",12.03,12.05,0.025,tmp,0,0,3.2332812415799966e-5
659,"(12.05,12.07]",12.05,12.07,0.025,tmp,0,0,9.69984372473999e-5
660,"(12.1,12.12]",12.1,12.12,0.025,tmp,0,0,5.388802069299995e-5
661,"(12.12,12.15]",12.12,12.15,0.025,tmp,0,0,7.544322897019993e-5
662,"(12.15,12.18]",12.15,12.18,0.025,tmp,0,0,4.3110416554399954e-5
663,"(12.18,12.2]",12.18,12.2,0.025,tmp,0,0,3.2332812415799966e-5
664,"(12.2,12.23]",12.2,12.23,0.025,tmp,0,0,4.3110416554399954e-5
665,"(12.23,12.25]",12.23,12.25,0.025,tmp,0,0,3.2332812415799966e-5
666,"(12.25,12.28]",12.25,12.28,0.025,tmp,0,0,5.388802069299995e-5
667,"(12.28,12.3]",12.28,12.3,0.025,tmp,0,0,2.1555208277199977e-5
668,"(12.3,12.32]",12.3,12.32,0.025,tmp,0,0,4.3110416554399954e-5
669,"(12.32,12.35]",12.32,12.35,0.025,tmp,0,0,3.2332812415799966e-5
670,"(12.35,12.38]",12.35,12.38,0.025,tmp,0,0,2.1555208277199977e-5
671,"(12.38,12.4]",12.38,12.4,0.025,tmp,0,0,3.2332812415799966e-5
672,"(12.4,12.43]",12.4,12.43,0.025,tmp,0,0,2.1555208277199977e-5
673,"(12.43,12.45]",12.43,12.45,0.025,tmp,0,0,1.0777604138599989e-5
674,"(12.45,12.48]",12.45,12.48,0.025,tmp,0,0,4.3110416554399954e-5
675,"(12.48,12.5]",12.48,12.5,0.025,tmp,0,0,4.3110416554399954e-5
676,"(12.5,12.53]",12.5,12.53,0.025,tmp,0,0,6.466562483159993e-5
677,"(12.53,12.55]",12.53,12.55,0.025,tmp,0,0,2.1555208277199977e-5
678,"(12.55,12.57]",12.55,12.57,0.025,tmp,0,0,3.2332812415799966e-5
679,"(12.57,12.6]",12.57,12.6,0.025,tmp,0,0,5.388802069299995e-5
680,"(12.6,12.62]",12.6,12.62,0.025,tmp,0,0,4.3110416554399954e-5
681,"(12.62,12.65]",12.62,12.65,0.025,tmp,0,0,2.1555208277199977e-5
682,"(12.65,12.68]",12.65,12.68,0.025,tmp,0,0,1.0777604138599989e-5
683,"(12.68,12.7]",12.68,12.7,0.025,tmp,0,0,1.0777604138599989e-5
684,"(12.7,12.73]",12.7,12.73,0.025,tmp,0,0,2.1555208277199977e-5
685,"(12.73,12.75]",12.73,12.75,0.025,tmp,0,0,2.1555208277199977e-5
686,"(12.75,12.78]",12.75,12.78,0.025,tmp,0,0,2.1555208277199977e-5
687,"(12.78,12.8]",12.78,12.8,0.025,tmp,0,0,2.1555208277199977e-5
688,"(12.8,12.82]",12.8,12.82,0.025,tmp,0,0,3.2332812415799966e-5
689,"(12.82,12.85]",12.82,12.85,0.025,tmp,0,0,4.3110416554399954e-5
690,"(12.85,12.88]",12.85,12.88,0.025,tmp,0,0,1.0777604138599989e-5
691,"(12.9,12.93]",12.9,12.93,0.025,tmp,0,0,2.1555208277199977e-5
692,"(12.93,12.95]",12.93,12.95,0.025,tmp,0,0,1.0777604138599989e-5
693,"(12.98,13]",12.98,13,0.025,tmp,0,0,1.0777604138599989e-5
694,"(13.03,13.05]",13.03,13.05,0.025,tmp,0,0,2.1555208277199977e-5
695,"(13.05,13.07]",13.05,13.07,0.025,tmp,0,0,1.0777604138599989e-5
696,"(13.1,13.12]",13.1,13.12,0.025,tmp,0,0,1.0777604138599989e-5
