n_bin,bin,bin_from,bin_to,bin_size,variable,tmp_avg,tmp_djf,tmp_jja,variable_metric,metric
1,"(-4.475,-4.45]",-4.475,-4.45,0.025,tmp,0,0,1.0777604138599989e-5,tmp_jja,jja
2,"(-4.45,-4.425]",-4.45,-4.425,0.025,tmp,0,0,3.2332812415799966e-5,tmp_jja,jja
3,"(-4.425,-4.4]",-4.425,-4.4,0.025,tmp,0,0,2.1555208277199977e-5,tmp_jja,jja
4,"(-4.35,-4.325]",-4.35,-4.325,0.025,tmp,0,0,3.2332812415799966e-5,tmp_jja,jja
5,"(-4.325,-4.3]",-4.325,-4.3,0.025,tmp,0,0,2.1555208277199977e-5,tmp_jja,jja
6,"(-4.3,-4.275]",-4.3,-4.275,0.025,tmp,0,0,3.2332812415799966e-5,tmp_jja,jja
7,"(-4.275,-4.25]",-4.275,-4.25,0.025,tmp,0,0,3.2332812415799966e-5,tmp_jja,jja
8,"(-4.25,-4.225]",-4.25,-4.225,0.025,tmp,0,0,2.1555208277199977e-5,tmp_jja,jja
1,"(-4.225,-4.2]",-4.225,-4.2,0.025,tmp,0,1.0777604138599989e-5,4.3110416554399954e-5,tmp_djf,djf
9,"(-4.225,-4.2]",-4.225,-4.2,0.025,tmp,0,1.0777604138599989e-5,4.3110416554399954e-5,tmp_jja,jja
2,"(-4.2,-4.175]",-4.2,-4.175,0.025,tmp,0,6.466562483159993e-5,5.388802069299995e-5,tmp_djf,djf
10,"(-4.2,-4.175]",-4.2,-4.175,0.025,tmp,0,6.466562483159993e-5,5.388802069299995e-5,tmp_jja,jja
11,"(-4.175,-4.15]",-4.175,-4.15,0.025,tmp,0,0,5.388802069299995e-5,tmp_jja,jja
12,"(-4.15,-4.125]",-4.15,-4.125,0.025,tmp,0,0,7.544322897019993e-5,tmp_jja,jja
3,"(-4.125,-4.1]",-4.125,-4.1,0.025,tmp,0,2.694401034649997e-4,8.622083310879991e-5,tmp_djf,djf
13,"(-4.125,-4.1]",-4.125,-4.1,0.025,tmp,0,2.694401034649997e-4,8.622083310879991e-5,tmp_jja,jja
14,"(-4.1,-4.075]",-4.1,-4.075,0.025,tmp,0,0,8.622083310879991e-5,tmp_jja,jja
15,"(-4.075,-4.05]",-4.075,-4.05,0.025,tmp,0,0,9.69984372473999e-5,tmp_jja,jja
16,"(-4.05,-4.025]",-4.05,-4.025,0.025,tmp,0,0,9.69984372473999e-5,tmp_jja,jja
4,"(-4.025,-4]",-4.025,-4,0.025,tmp,0,8.729859352265991e-4,8.622083310879991e-5,tmp_djf,djf
17,"(-4.025,-4]",-4.025,-4,0.025,tmp,0,8.729859352265991e-4,8.622083310879991e-5,tmp_jja,jja
5,"(-4,-3.975]",-4,-3.975,0.025,tmp,0,4.3110416554399954e-5,8.622083310879991e-5,tmp_djf,djf
18,"(-4,-3.975]",-4,-3.975,0.025,tmp,0,4.3110416554399954e-5,8.622083310879991e-5,tmp_jja,jja
19,"(-3.975,-3.95]",-3.975,-3.95,0.025,tmp,0,0,1.1855364552459988e-4,tmp_jja,jja
20,"(-3.95,-3.925]",-3.95,-3.925,0.025,tmp,0,0,1.1855364552459988e-4,tmp_jja,jja
6,"(-3.925,-3.9]",-3.925,-3.9,0.025,tmp,0,5.281026027913995e-4,1.6166406207899985e-4,tmp_djf,djf
21,"(-3.925,-3.9]",-3.925,-3.9,0.025,tmp,0,5.281026027913995e-4,1.6166406207899985e-4,tmp_jja,jja
7,"(-3.9,-3.875]",-3.9,-3.875,0.025,tmp,0,5.388802069299995e-5,1.2933124966319986e-4,tmp_djf,djf
22,"(-3.9,-3.875]",-3.9,-3.875,0.025,tmp,0,5.388802069299995e-5,1.2933124966319986e-4,tmp_jja,jja
23,"(-3.875,-3.85]",-3.875,-3.85,0.025,tmp,0,0,1.1855364552459988e-4,tmp_jja,jja
24,"(-3.85,-3.825]",-3.85,-3.825,0.025,tmp,0,0,9.69984372473999e-5,tmp_jja,jja
8,"(-3.825,-3.8]",-3.825,-3.8,0.025,tmp,0,5.927682276229994e-4,9.69984372473999e-5,tmp_djf,djf
25,"(-3.825,-3.8]",-3.825,-3.8,0.025,tmp,0,5.927682276229994e-4,9.69984372473999e-5,tmp_jja,jja
26,"(-3.8,-3.775]",-3.8,-3.775,0.025,tmp,0,0,1.5088645794039985e-4,tmp_jja,jja
27,"(-3.775,-3.75]",-3.775,-3.75,0.025,tmp,0,0,1.5088645794039985e-4,tmp_jja,jja
28,"(-3.75,-3.725]",-3.75,-3.725,0.025,tmp,0,0,1.4010885380179986e-4,tmp_jja,jja
9,"(-3.725,-3.7]",-3.725,-3.7,0.025,tmp,0,1.832192703561998e-4,1.5088645794039985e-4,tmp_djf,djf
29,"(-3.725,-3.7]",-3.725,-3.7,0.025,tmp,0,1.832192703561998e-4,1.5088645794039985e-4,tmp_jja,jja
10,"(-3.7,-3.675]",-3.7,-3.675,0.025,tmp,0,4.742145820983995e-4,1.077760413859999e-4,tmp_djf,djf
30,"(-3.7,-3.675]",-3.7,-3.675,0.025,tmp,0,4.742145820983995e-4,1.077760413859999e-4,tmp_jja,jja
31,"(-3.675,-3.65]",-3.675,-3.65,0.025,tmp,0,0,1.6166406207899985e-4,tmp_jja,jja
32,"(-3.65,-3.625]",-3.65,-3.625,0.025,tmp,0,0,2.155520827719998e-4,tmp_jja,jja
11,"(-3.625,-3.6]",-3.625,-3.6,0.025,tmp,0,6.897666648703993e-4,2.3710729104919976e-4,tmp_djf,djf
33,"(-3.625,-3.6]",-3.625,-3.6,0.025,tmp,0,6.897666648703993e-4,2.3710729104919976e-4,tmp_jja,jja
34,"(-3.6,-3.575]",-3.6,-3.575,0.025,tmp,0,0,1.4010885380179986e-4,tmp_jja,jja
35,"(-3.575,-3.55]",-3.575,-3.55,0.025,tmp,0,0,1.077760413859999e-4,tmp_jja,jja
36,"(-3.55,-3.525]",-3.55,-3.525,0.025,tmp,0,0,1.5088645794039985e-4,tmp_jja,jja
12,"(-3.525,-3.5]",-3.525,-3.5,0.025,tmp,0,4.203265614053996e-4,1.832192703561998e-4,tmp_djf,djf
37,"(-3.525,-3.5]",-3.525,-3.5,0.025,tmp,0,4.203265614053996e-4,1.832192703561998e-4,tmp_jja,jja
13,"(-3.5,-3.475]",-3.5,-3.475,0.025,tmp,0,1.2933124966319986e-4,7.544322897019993e-5,tmp_djf,djf
38,"(-3.5,-3.475]",-3.5,-3.475,0.025,tmp,0,1.2933124966319986e-4,7.544322897019993e-5,tmp_jja,jja
39,"(-3.475,-3.45]",-3.475,-3.45,0.025,tmp,0,0,1.7244166621759982e-4,tmp_jja,jja
40,"(-3.45,-3.425]",-3.45,-3.425,0.025,tmp,0,0,9.69984372473999e-5,tmp_jja,jja
14,"(-3.425,-3.4]",-3.425,-3.4,0.025,tmp,0,5.819906234843994e-4,6.466562483159993e-5,tmp_djf,djf
41,"(-3.425,-3.4]",-3.425,-3.4,0.025,tmp,0,5.819906234843994e-4,6.466562483159993e-5,tmp_jja,jja
15,"(-3.4,-3.375]",-3.4,-3.375,0.025,tmp,0,1.1855364552459988e-4,1.6166406207899985e-4,tmp_djf,djf
42,"(-3.4,-3.375]",-3.4,-3.375,0.025,tmp,0,1.1855364552459988e-4,1.6166406207899985e-4,tmp_jja,jja
43,"(-3.375,-3.35]",-3.375,-3.35,0.025,tmp,0,0,1.2933124966319986e-4,tmp_jja,jja
44,"(-3.35,-3.325]",-3.35,-3.325,0.025,tmp,0,0,2.2632968691059977e-4,tmp_jja,jja
16,"(-3.325,-3.3]",-3.325,-3.3,0.025,tmp,0,6.358786441773993e-4,2.047744786333998e-4,tmp_djf,djf
45,"(-3.325,-3.3]",-3.325,-3.3,0.025,tmp,0,6.358786441773993e-4,2.047744786333998e-4,tmp_jja,jja
46,"(-3.3,-3.275]",-3.3,-3.275,0.025,tmp,0,0,8.622083310879991e-5,tmp_jja,jja
47,"(-3.275,-3.25]",-3.275,-3.25,0.025,tmp,0,0,1.4010885380179986e-4,tmp_jja,jja
48,"(-3.25,-3.225]",-3.25,-3.225,0.025,tmp,0,0,1.832192703561998e-4,tmp_jja,jja
17,"(-3.225,-3.2]",-3.225,-3.2,0.025,tmp,0,3.772161448509996e-4,1.832192703561998e-4,tmp_djf,djf
49,"(-3.225,-3.2]",-3.225,-3.2,0.025,tmp,0,3.772161448509996e-4,1.832192703561998e-4,tmp_jja,jja
18,"(-3.2,-3.175]",-3.2,-3.175,0.025,tmp,0,3.341057282965997e-4,1.5088645794039985e-4,tmp_djf,djf
50,"(-3.2,-3.175]",-3.2,-3.175,0.025,tmp,0,3.341057282965997e-4,1.5088645794039985e-4,tmp_jja,jja
51,"(-3.175,-3.15]",-3.175,-3.15,0.025,tmp,0,0,1.4010885380179986e-4,tmp_jja,jja
52,"(-3.15,-3.125]",-3.15,-3.125,0.025,tmp,0,0,2.047744786333998e-4,tmp_jja,jja
19,"(-3.125,-3.1]",-3.125,-3.1,0.025,tmp,0,9.160963517809991e-4,2.2632968691059977e-4,tmp_djf,djf
53,"(-3.125,-3.1]",-3.125,-3.1,0.025,tmp,0,9.160963517809991e-4,2.2632968691059977e-4,tmp_jja,jja
54,"(-3.1,-3.075]",-3.1,-3.075,0.025,tmp,0,0,1.4010885380179986e-4,tmp_jja,jja
55,"(-3.075,-3.05]",-3.075,-3.05,0.025,tmp,0,0,2.4788489518779973e-4,tmp_jja,jja
56,"(-3.05,-3.025]",-3.05,-3.025,0.025,tmp,0,0,1.1855364552459988e-4,tmp_jja,jja
20,"(-3.025,-3]",-3.025,-3,0.025,tmp,0,6.035458317615994e-4,3.017729158807997e-4,tmp_djf,djf
57,"(-3.025,-3]",-3.025,-3,0.025,tmp,0,6.035458317615994e-4,3.017729158807997e-4,tmp_jja,jja
21,"(-3,-2.975]",-3,-2.975,0.025,tmp,0,1.7244166621759982e-4,2.047744786333998e-4,tmp_djf,djf
58,"(-3,-2.975]",-3,-2.975,0.025,tmp,0,1.7244166621759982e-4,2.047744786333998e-4,tmp_jja,jja
59,"(-2.975,-2.95]",-2.975,-2.95,0.025,tmp,0,0,2.4788489518779973e-4,tmp_jja,jja
60,"(-2.95,-2.925]",-2.95,-2.925,0.025,tmp,0,0,2.047744786333998e-4,tmp_jja,jja
22,"(-2.925,-2.9]",-2.925,-2.9,0.025,tmp,0,5.927682276229994e-4,1.1855364552459988e-4,tmp_djf,djf
61,"(-2.925,-2.9]",-2.925,-2.9,0.025,tmp,0,5.927682276229994e-4,1.1855364552459988e-4,tmp_jja,jja
23,"(-2.9,-2.875]",-2.9,-2.875,0.025,tmp,0,3.341057282965997e-4,2.586624993263997e-4,tmp_djf,djf
62,"(-2.9,-2.875]",-2.9,-2.875,0.025,tmp,0,3.341057282965997e-4,2.586624993263997e-4,tmp_jja,jja
63,"(-2.875,-2.85]",-2.875,-2.85,0.025,tmp,0,0,2.2632968691059977e-4,tmp_jja,jja
64,"(-2.85,-2.825]",-2.85,-2.825,0.025,tmp,0,0,2.155520827719998e-4,tmp_jja,jja
24,"(-2.825,-2.8]",-2.825,-2.8,0.025,tmp,0,8.190979145335992e-4,3.017729158807997e-4,tmp_djf,djf
65,"(-2.825,-2.8]",-2.825,-2.8,0.025,tmp,0,8.190979145335992e-4,3.017729158807997e-4,tmp_jja,jja
66,"(-2.8,-2.775]",-2.8,-2.775,0.025,tmp,0,0,3.879937489895996e-4,tmp_jja,jja
67,"(-2.775,-2.75]",-2.775,-2.75,0.025,tmp,0,0,2.802177076035997e-4,tmp_jja,jja
68,"(-2.75,-2.725]",-2.75,-2.725,0.025,tmp,0,0,2.3710729104919976e-4,tmp_jja,jja
25,"(-2.725,-2.7]",-2.725,-2.7,0.025,tmp,0,8.083203103949992e-4,2.3710729104919976e-4,tmp_djf,djf
69,"(-2.725,-2.7]",-2.725,-2.7,0.025,tmp,0,8.083203103949992e-4,2.3710729104919976e-4,tmp_jja,jja
70,"(-2.7,-2.675]",-2.7,-2.675,0.025,tmp,0,0,4.4188176968259954e-4,tmp_jja,jja
71,"(-2.675,-2.65]",-2.675,-2.65,0.025,tmp,0,0,2.694401034649997e-4,tmp_jja,jja
72,"(-2.65,-2.625]",-2.65,-2.625,0.025,tmp,0,0,2.047744786333998e-4,tmp_jja,jja
26,"(-2.625,-2.6]",-2.625,-2.6,0.025,tmp,0,0.0010669828097213988,2.802177076035997e-4,tmp_djf,djf
73,"(-2.625,-2.6]",-2.625,-2.6,0.025,tmp,0,0.0010669828097213988,2.802177076035997e-4,tmp_jja,jja
74,"(-2.6,-2.575]",-2.6,-2.575,0.025,tmp,0,0,2.694401034649997e-4,tmp_jja,jja
75,"(-2.575,-2.55]",-2.575,-2.55,0.025,tmp,0,0,4.203265614053996e-4,tmp_jja,jja
76,"(-2.55,-2.525]",-2.55,-2.525,0.025,tmp,0,0,4.5265937382119953e-4,tmp_jja,jja
27,"(-2.525,-2.5]",-2.525,-2.5,0.025,tmp,0,0.001013094789028399,3.233281241579997e-4,tmp_djf,djf
77,"(-2.525,-2.5]",-2.525,-2.5,0.025,tmp,0,0.001013094789028399,3.233281241579997e-4,tmp_jja,jja
28,"(-2.5,-2.475]",-2.5,-2.475,0.025,tmp,0,2.4788489518779973e-4,3.4488333243519963e-4,tmp_djf,djf
78,"(-2.5,-2.475]",-2.5,-2.475,0.025,tmp,0,2.4788489518779973e-4,3.4488333243519963e-4,tmp_jja,jja
79,"(-2.475,-2.45]",-2.475,-2.45,0.025,tmp,0,0,3.341057282965997e-4,tmp_jja,jja
80,"(-2.45,-2.425]",-2.45,-2.425,0.025,tmp,0,0,4.849921862369995e-4,tmp_jja,jja
29,"(-2.425,-2.4]",-2.425,-2.4,0.025,tmp,0,9.592067683353991e-4,3.125505200193997e-4,tmp_djf,djf
81,"(-2.425,-2.4]",-2.425,-2.4,0.025,tmp,0,9.592067683353991e-4,3.125505200193997e-4,tmp_jja,jja
30,"(-2.4,-2.375]",-2.4,-2.375,0.025,tmp,0,2.802177076035997e-4,4.742145820983995e-4,tmp_djf,djf
82,"(-2.4,-2.375]",-2.4,-2.375,0.025,tmp,0,2.802177076035997e-4,4.742145820983995e-4,tmp_jja,jja
83,"(-2.375,-2.35]",-2.375,-2.35,0.025,tmp,0,0,4.5265937382119953e-4,tmp_jja,jja
84,"(-2.35,-2.325]",-2.35,-2.325,0.025,tmp,0,0,6.251010400387994e-4,tmp_jja,jja
31,"(-2.325,-2.3]",-2.325,-2.3,0.025,tmp,0,0.0013903109338793986,6.466562483159994e-4,tmp_djf,djf
85,"(-2.325,-2.3]",-2.325,-2.3,0.025,tmp,0,0.0013903109338793986,6.466562483159994e-4,tmp_jja,jja
86,"(-2.3,-2.275]",-2.3,-2.275,0.025,tmp,0,0,4.634369779597995e-4,tmp_jja,jja
87,"(-2.275,-2.25]",-2.275,-2.25,0.025,tmp,0,0,5.496578110685995e-4,tmp_jja,jja
88,"(-2.25,-2.225]",-2.25,-2.225,0.025,tmp,0,0,6.574338524545993e-4,tmp_jja,jja
32,"(-2.225,-2.2]",-2.225,-2.2,0.025,tmp,0,0.0017567494745917983,6.358786441773993e-4,tmp_djf,djf
89,"(-2.225,-2.2]",-2.225,-2.2,0.025,tmp,0,0.0017567494745917983,6.358786441773993e-4,tmp_jja,jja
90,"(-2.2,-2.175]",-2.2,-2.175,0.025,tmp,0,0,6.251010400387994e-4,tmp_jja,jja
91,"(-2.175,-2.15]",-2.175,-2.15,0.025,tmp,0,0,7.975427062563992e-4,tmp_jja,jja
92,"(-2.15,-2.125]",-2.15,-2.125,0.025,tmp,0,0,8.083203103949992e-4,tmp_jja,jja
33,"(-2.125,-2.1]",-2.125,-2.1,0.025,tmp,0,0.002004634369779598,7.005442690089993e-4,tmp_djf,djf
93,"(-2.125,-2.1]",-2.125,-2.1,0.025,tmp,0,0.002004634369779598,7.005442690089993e-4,tmp_jja,jja
94,"(-2.1,-2.075]",-2.1,-2.075,0.025,tmp,0,0,7.759874979791992e-4,tmp_jja,jja
95,"(-2.075,-2.05]",-2.075,-2.05,0.025,tmp,0,0,6.682114565931994e-4,tmp_jja,jja
96,"(-2.05,-2.025]",-2.05,-2.025,0.025,tmp,0,0,8.837635393651991e-4,tmp_jja,jja
34,"(-2.025,-2]",-2.025,-2,0.025,tmp,0,0.001886080724254998,9.160963517809991e-4,tmp_djf,djf
97,"(-2.025,-2]",-2.025,-2,0.025,tmp,0,0.001886080724254998,9.160963517809991e-4,tmp_jja,jja
35,"(-2,-1.975]",-2,-1.975,0.025,tmp,0,4.634369779597995e-4,7.544322897019992e-4,tmp_djf,djf
98,"(-2,-1.975]",-2,-1.975,0.025,tmp,0,4.634369779597995e-4,7.544322897019992e-4,tmp_jja,jja
99,"(-1.975,-1.95]",-1.975,-1.95,0.025,tmp,0,0,0.001034649997305599,tmp_jja,jja
100,"(-1.95,-1.925]",-1.95,-1.925,0.025,tmp,0,0,8.837635393651991e-4,tmp_jja,jja
36,"(-1.925,-1.9]",-1.925,-1.9,0.025,tmp,0,0.001853747911839198,0.0011963140593845988,tmp_djf,djf
101,"(-1.925,-1.9]",-1.925,-1.9,0.025,tmp,0,0.001853747911839198,0.0011963140593845988,tmp_jja,jja
37,"(-1.9,-1.875]",-1.9,-1.875,0.025,tmp,0,4.203265614053996e-4,0.001002317184889799,tmp_djf,djf
102,"(-1.9,-1.875]",-1.9,-1.875,0.025,tmp,0,4.203265614053996e-4,0.001002317184889799,tmp_jja,jja
103,"(-1.875,-1.85]",-1.875,-1.85,0.025,tmp,0,0,0.001034649997305599,tmp_jja,jja
104,"(-1.85,-1.825]",-1.85,-1.825,0.025,tmp,0,0,0.001002317184889799,tmp_jja,jja
38,"(-1.825,-1.8]",-1.825,-1.8,0.025,tmp,0,0.0026081802015411972,0.001002317184889799,tmp_djf,djf
105,"(-1.825,-1.8]",-1.825,-1.8,0.025,tmp,0,0.0026081802015411972,0.001002317184889799,tmp_jja,jja
106,"(-1.8,-1.775]",-1.8,-1.775,0.025,tmp,0,0,0.001056205205582799,tmp_jja,jja
107,"(-1.775,-1.75]",-1.775,-1.75,0.025,tmp,0,0,0.0011100932262757988,tmp_jja,jja
108,"(-1.75,-1.725]",-1.75,-1.725,0.025,tmp,0,0,0.0014118661421565987,tmp_jja,jja
39,"(-1.725,-1.7]",-1.725,-1.7,0.025,tmp,0,0.0026836234305113974,0.001088538017998599,tmp_djf,djf
109,"(-1.725,-1.7]",-1.725,-1.7,0.025,tmp,0,0.0026836234305113974,0.001088538017998599,tmp_jja,jja
110,"(-1.7,-1.675]",-1.7,-1.675,0.025,tmp,0,0,0.001099315622137199,tmp_jja,jja
111,"(-1.675,-1.65]",-1.675,-1.65,0.025,tmp,0,0,0.0013364229131863988,tmp_jja,jja
112,"(-1.65,-1.625]",-1.65,-1.625,0.025,tmp,0,0,0.0012933124966319988,tmp_jja,jja
40,"(-1.625,-1.6]",-1.625,-1.6,0.025,tmp,0,0.0035997197822923966,0.0013903109338793986,tmp_djf,djf
113,"(-1.625,-1.6]",-1.625,-1.6,0.025,tmp,0,0.0035997197822923966,0.0013903109338793986,tmp_jja,jja
114,"(-1.6,-1.575]",-1.6,-1.575,0.025,tmp,0,0,0.0012070916635231988,tmp_jja,jja
115,"(-1.575,-1.55]",-1.575,-1.55,0.025,tmp,0,0,0.0015411973918197984,tmp_jja,jja
116,"(-1.55,-1.525]",-1.55,-1.525,0.025,tmp,0,0,0.0014980869752653984,tmp_jja,jja
41,"(-1.525,-1.5]",-1.525,-1.5,0.025,tmp,0,0.0036212749905695962,0.0014765317669881985,tmp_djf,djf
117,"(-1.525,-1.5]",-1.525,-1.5,0.025,tmp,0,0.0036212749905695962,0.0014765317669881985,tmp_jja,jja
42,"(-1.5,-1.475]",-1.5,-1.475,0.025,tmp,0,6.789890607317993e-4,0.0014010885380179986,tmp_djf,djf
118,"(-1.5,-1.475]",-1.5,-1.475,0.025,tmp,0,6.789890607317993e-4,0.0014010885380179986,tmp_jja,jja
119,"(-1.475,-1.45]",-1.475,-1.45,0.025,tmp,0,0,0.0014441989545723986,tmp_jja,jja
120,"(-1.45,-1.425]",-1.45,-1.425,0.025,tmp,0,0,0.0015411973918197984,tmp_jja,jja
43,"(-1.425,-1.4]",-1.425,-1.4,0.025,tmp,0,0.0045589265506277956,0.0013040901007705986,tmp_djf,djf
121,"(-1.425,-1.4]",-1.425,-1.4,0.025,tmp,0,0.0045589265506277956,0.0013040901007705986,tmp_jja,jja
44,"(-1.4,-1.375]",-1.4,-1.375,0.025,tmp,0,8.514307269493991e-4,0.0017459718704531983,tmp_djf,djf
122,"(-1.4,-1.375]",-1.4,-1.375,0.025,tmp,0,8.514307269493991e-4,0.0017459718704531983,tmp_jja,jja
123,"(-1.375,-1.35]",-1.375,-1.35,0.025,tmp,0,0,0.0015196421835425985,tmp_jja,jja
124,"(-1.35,-1.325]",-1.35,-1.325,0.025,tmp,0,0,0.0015843078083741984,tmp_jja,jja
45,"(-1.325,-1.3]",-1.325,-1.3,0.025,tmp,0,0.006574338524545993,0.0013040901007705986,tmp_djf,djf
125,"(-1.325,-1.3]",-1.325,-1.3,0.025,tmp,0,0.006574338524545993,0.0013040901007705986,tmp_jja,jja
126,"(-1.3,-1.275]",-1.3,-1.275,0.025,tmp,0,0,0.0015411973918197984,tmp_jja,jja
127,"(-1.275,-1.25]",-1.275,-1.25,0.025,tmp,0,0,0.0011855364552459987,tmp_jja,jja
128,"(-1.25,-1.225]",-1.25,-1.225,0.025,tmp,0,0,0.0014226437462951985,tmp_jja,jja
46,"(-1.225,-1.2]",-1.225,-1.2,0.025,tmp,0,0.007026997898367193,0.0014334213504337986,tmp_djf,djf
129,"(-1.225,-1.2]",-1.225,-1.2,0.025,tmp,0,0.007026997898367193,0.0014334213504337986,tmp_jja,jja
130,"(-1.2,-1.175]",-1.2,-1.175,0.025,tmp,0,0,0.0014657541628495985,tmp_jja,jja
131,"(-1.175,-1.15]",-1.175,-1.15,0.025,tmp,0,0,0.0014873093711267986,tmp_jja,jja
132,"(-1.15,-1.125]",-1.15,-1.125,0.025,tmp,0,0,0.0013795333297407985,tmp_jja,jja
47,"(-1.125,-1.1]",-1.125,-1.1,0.025,tmp,0,0.0071347739397531924,0.0015627526000969985,tmp_djf,djf
133,"(-1.125,-1.1]",-1.125,-1.1,0.025,tmp,0,0.0071347739397531924,0.0015627526000969985,tmp_jja,jja
134,"(-1.1,-1.075]",-1.1,-1.075,0.025,tmp,0,0,0.0013256453090477987,tmp_jja,jja
135,"(-1.075,-1.05]",-1.075,-1.05,0.025,tmp,0,0,0.0013687557256021987,tmp_jja,jja
136,"(-1.05,-1.025]",-1.05,-1.025,0.025,tmp,0,0,0.0013040901007705986,tmp_jja,jja
48,"(-1.025,-1]",-1.025,-1,0.025,tmp,0,0.0073826588349409925,0.0014980869752653984,tmp_djf,djf
137,"(-1.025,-1]",-1.025,-1,0.025,tmp,0,0.0073826588349409925,0.0014980869752653984,tmp_jja,jja
49,"(-1,-0.975]",-1,-0.975,0.025,tmp,0,0.001142426038691599,0.0012286468718003987,tmp_djf,djf
138,"(-1,-0.975]",-1,-0.975,0.025,tmp,0,0.001142426038691599,0.0012286468718003987,tmp_jja,jja
139,"(-0.975,-0.95]",-0.975,-0.95,0.025,tmp,0,0,0.0013148677049091987,tmp_jja,jja
140,"(-0.95,-0.925]",-0.95,-0.925,0.025,tmp,0,0,0.0014765317669881985,tmp_jja,jja
50,"(-0.925,-0.9]",-0.925,-0.9,0.025,tmp,0,0.01016328070269979,0.001088538017998599,tmp_djf,djf
141,"(-0.925,-0.9]",-0.925,-0.9,0.025,tmp,0,0.01016328070269979,0.001088538017998599,tmp_jja,jja
142,"(-0.9,-0.875]",-0.9,-0.875,0.025,tmp,0,0,0.0014334213504337986,tmp_jja,jja
143,"(-0.875,-0.85]",-0.875,-0.85,0.025,tmp,0,0,0.001142426038691599,tmp_jja,jja
144,"(-0.85,-0.825]",-0.85,-0.825,0.025,tmp,0,0,0.0013579781214635986,tmp_jja,jja
51,"(-0.825,-0.8]",-0.825,-0.8,0.025,tmp,0,0.010357277577194589,0.0011855364552459987,tmp_djf,djf
145,"(-0.825,-0.8]",-0.825,-0.8,0.025,tmp,0,0.010357277577194589,0.0011855364552459987,tmp_jja,jja
146,"(-0.8,-0.775]",-0.8,-0.775,0.025,tmp,0,0,0.0013040901007705986,tmp_jja,jja
147,"(-0.775,-0.75]",-0.775,-0.75,0.025,tmp,0,0,0.0013256453090477987,tmp_jja,jja
148,"(-0.75,-0.725]",-0.75,-0.725,0.025,tmp,0,0,0.0015950854125127984,tmp_jja,jja
52,"(-0.725,-0.7]",-0.725,-0.7,0.025,tmp,0,0.00935496039230479,0.0012933124966319988,tmp_djf,djf
149,"(-0.725,-0.7]",-0.725,-0.7,0.025,tmp,0,0.00935496039230479,0.0012933124966319988,tmp_jja,jja
1,"(-0.7,-0.675]",-0.7,-0.675,0.025,tmp,1.0777604138599989e-5,0.002920730721560597,0.0017136390580373983,tmp_avg,avg
53,"(-0.7,-0.675]",-0.7,-0.675,0.025,tmp,1.0777604138599989e-5,0.002920730721560597,0.0017136390580373983,tmp_djf,djf
150,"(-0.7,-0.675]",-0.7,-0.675,0.025,tmp,1.0777604138599989e-5,0.002920730721560597,0.0017136390580373983,tmp_jja,jja
151,"(-0.675,-0.65]",-0.675,-0.65,0.025,tmp,0,0,0.001939968744947998,tmp_jja,jja
152,"(-0.65,-0.625]",-0.65,-0.625,0.025,tmp,0,0,0.002036967182195398,tmp_jja,jja
2,"(-0.625,-0.6]",-0.625,-0.6,0.025,tmp,1.0777604138599989e-5,0.013536670798081586,0.001853747911839198,tmp_avg,avg
54,"(-0.625,-0.6]",-0.625,-0.6,0.025,tmp,1.0777604138599989e-5,0.013536670798081586,0.001853747911839198,tmp_djf,djf
153,"(-0.625,-0.6]",-0.625,-0.6,0.025,tmp,1.0777604138599989e-5,0.013536670798081586,0.001853747911839198,tmp_jja,jja
3,"(-0.6,-0.575]",-0.6,-0.575,0.025,tmp,1.0777604138599989e-5,0,0.0016920838497601982,tmp_avg,avg
154,"(-0.6,-0.575]",-0.6,-0.575,0.025,tmp,1.0777604138599989e-5,0,0.0016920838497601982,tmp_jja,jja
4,"(-0.575,-0.55]",-0.575,-0.55,0.025,tmp,1.0777604138599989e-5,0,0.0016597510373443983,tmp_avg,avg
155,"(-0.575,-0.55]",-0.575,-0.55,0.025,tmp,1.0777604138599989e-5,0,0.0016597510373443983,tmp_jja,jja
156,"(-0.55,-0.525]",-0.55,-0.525,0.025,tmp,0,0,0.0016597510373443983,tmp_jja,jja
55,"(-0.525,-0.5]",-0.525,-0.5,0.025,tmp,0,0.013946219755348386,0.0016920838497601982,tmp_djf,djf
157,"(-0.525,-0.5]",-0.525,-0.5,0.025,tmp,0,0.013946219755348386,0.0016920838497601982,tmp_jja,jja
5,"(-0.5,-0.475]",-0.5,-0.475,0.025,tmp,4.3110416554399954e-5,8.622083310879992e-4,0.0016381958290671984,tmp_avg,avg
56,"(-0.5,-0.475]",-0.5,-0.475,0.025,tmp,4.3110416554399954e-5,8.622083310879992e-4,0.0016381958290671984,tmp_djf,djf
158,"(-0.5,-0.475]",-0.5,-0.475,0.025,tmp,4.3110416554399954e-5,8.622083310879992e-4,0.0016381958290671984,tmp_jja,jja
6,"(-0.475,-0.45]",-0.475,-0.45,0.025,tmp,6.466562483159993e-5,0,0.002004634369779598,tmp_avg,avg
159,"(-0.475,-0.45]",-0.475,-0.45,0.025,tmp,6.466562483159993e-5,0,0.002004634369779598,tmp_jja,jja
7,"(-0.45,-0.425]",-0.45,-0.425,0.025,tmp,7.544322897019993e-5,0,0.0017783046828689982,tmp_avg,avg
160,"(-0.45,-0.425]",-0.45,-0.425,0.025,tmp,7.544322897019993e-5,0,0.0017783046828689982,tmp_jja,jja
8,"(-0.425,-0.4]",-0.425,-0.4,0.025,tmp,1.0777604138599989e-5,0.01846203588942178,0.0019184135366707982,tmp_avg,avg
57,"(-0.425,-0.4]",-0.425,-0.4,0.025,tmp,1.0777604138599989e-5,0.01846203588942178,0.0019184135366707982,tmp_djf,djf
161,"(-0.425,-0.4]",-0.425,-0.4,0.025,tmp,1.0777604138599989e-5,0.01846203588942178,0.0019184135366707982,tmp_jja,jja
9,"(-0.4,-0.375]",-0.4,-0.375,0.025,tmp,4.3110416554399954e-5,0,0.0018214150994233982,tmp_avg,avg
162,"(-0.4,-0.375]",-0.4,-0.375,0.025,tmp,4.3110416554399954e-5,0,0.0018214150994233982,tmp_jja,jja
10,"(-0.375,-0.35]",-0.375,-0.35,0.025,tmp,8.622083310879991e-5,0,0.001939968744947998,tmp_avg,avg
163,"(-0.375,-0.35]",-0.375,-0.35,0.025,tmp,8.622083310879991e-5,0,0.001939968744947998,tmp_jja,jja
11,"(-0.35,-0.325]",-0.35,-0.325,0.025,tmp,6.466562483159993e-5,0,0.0018321927035619982,tmp_avg,avg
164,"(-0.35,-0.325]",-0.35,-0.325,0.025,tmp,6.466562483159993e-5,0,0.0018321927035619982,tmp_jja,jja
12,"(-0.325,-0.3]",-0.325,-0.3,0.025,tmp,1.1855364552459988e-4,0.02011100932262758,0.0017028614538987983,tmp_avg,avg
58,"(-0.325,-0.3]",-0.325,-0.3,0.025,tmp,1.1855364552459988e-4,0.02011100932262758,0.0017028614538987983,tmp_djf,djf
165,"(-0.325,-0.3]",-0.325,-0.3,0.025,tmp,1.1855364552459988e-4,0.02011100932262758,0.0017028614538987983,tmp_jja,jja
13,"(-0.3,-0.275]",-0.3,-0.275,0.025,tmp,1.077760413859999e-4,0,0.0018321927035619982,tmp_avg,avg
166,"(-0.3,-0.275]",-0.3,-0.275,0.025,tmp,1.077760413859999e-4,0,0.0018321927035619982,tmp_jja,jja
14,"(-0.275,-0.25]",-0.275,-0.25,0.025,tmp,1.1855364552459988e-4,0,0.002058522390472598,tmp_avg,avg
167,"(-0.275,-0.25]",-0.275,-0.25,0.025,tmp,1.1855364552459988e-4,0,0.002058522390472598,tmp_jja,jja
15,"(-0.25,-0.225]",-0.25,-0.225,0.025,tmp,1.1855364552459988e-4,0,0.0021339656194427977,tmp_avg,avg
168,"(-0.25,-0.225]",-0.25,-0.225,0.025,tmp,1.1855364552459988e-4,0,0.0021339656194427977,tmp_jja,jja
16,"(-0.225,-0.2]",-0.225,-0.2,0.025,tmp,1.6166406207899985e-4,0.02232041817104058,0.0025327369725709975,tmp_avg,avg
59,"(-0.225,-0.2]",-0.225,-0.2,0.025,tmp,1.6166406207899985e-4,0.02232041817104058,0.0025327369725709975,tmp_djf,djf
169,"(-0.225,-0.2]",-0.225,-0.2,0.025,tmp,1.6166406207899985e-4,0.02232041817104058,0.0025327369725709975,tmp_jja,jja
17,"(-0.2,-0.175]",-0.2,-0.175,0.025,tmp,1.832192703561998e-4,0,0.002209408848412998,tmp_avg,avg
170,"(-0.2,-0.175]",-0.2,-0.175,0.025,tmp,1.832192703561998e-4,0,0.002209408848412998,tmp_jja,jja
18,"(-0.175,-0.15]",-0.175,-0.15,0.025,tmp,3.4488333243519963e-4,0,0.0021339656194427977,tmp_avg,avg
171,"(-0.175,-0.15]",-0.175,-0.15,0.025,tmp,3.4488333243519963e-4,0,0.0021339656194427977,tmp_jja,jja
19,"(-0.15,-0.125]",-0.15,-0.125,0.025,tmp,2.909953117421997e-4,0,0.0026081802015411972,tmp_avg,avg
172,"(-0.15,-0.125]",-0.15,-0.125,0.025,tmp,2.909953117421997e-4,0,0.0026081802015411972,tmp_jja,jja
20,"(-0.125,-0.1]",-0.125,-0.1,0.025,tmp,2.586624993263997e-4,0.025747696287115374,0.0024249609311849975,tmp_avg,avg
60,"(-0.125,-0.1]",-0.125,-0.1,0.025,tmp,2.586624993263997e-4,0.025747696287115374,0.0024249609311849975,tmp_djf,djf
173,"(-0.125,-0.1]",-0.125,-0.1,0.025,tmp,2.586624993263997e-4,0.025747696287115374,0.0024249609311849975,tmp_jja,jja
21,"(-0.1,-0.075]",-0.1,-0.075,0.025,tmp,3.4488333243519963e-4,0,0.0026836234305113974,tmp_avg,avg
174,"(-0.1,-0.075]",-0.1,-0.075,0.025,tmp,3.4488333243519963e-4,0,0.0026836234305113974,tmp_jja,jja
22,"(-0.075,-0.05]",-0.075,-0.05,0.025,tmp,3.879937489895996e-4,0,0.0025758473891253973,tmp_avg,avg
175,"(-0.075,-0.05]",-0.075,-0.05,0.025,tmp,3.879937489895996e-4,0,0.0025758473891253973,tmp_jja,jja
23,"(-0.05,-0.025]",-0.05,-0.025,0.025,tmp,6.143234359001994e-4,0,0.0027051786387885975,tmp_avg,avg
176,"(-0.05,-0.025]",-0.05,-0.025,0.025,tmp,6.143234359001994e-4,0,0.0027051786387885975,tmp_jja,jja
24,"(-0.025,0]",-0.025,0,0.025,tmp,4.311041655439996e-4,0.03053295252465377,0.002780621867758797,tmp_avg,avg
61,"(-0.025,0]",-0.025,0,0.025,tmp,4.311041655439996e-4,0.03053295252465377,0.002780621867758797,tmp_djf,djf
177,"(-0.025,0]",-0.025,0,0.025,tmp,4.311041655439996e-4,0.03053295252465377,0.002780621867758797,tmp_jja,jja
25,"(0,0.025]",0,0.025,0.025,tmp,4.634369779597995e-4,0,0.002694401034649997,tmp_avg,avg
178,"(0,0.025]",0,0.025,0.025,tmp,4.634369779597995e-4,0,0.002694401034649997,tmp_jja,jja
26,"(0.025,0.05]",0.025,0.05,0.025,tmp,4.849921862369995e-4,0,0.0024465161394621976,tmp_avg,avg
179,"(0.025,0.05]",0.025,0.05,0.025,tmp,4.849921862369995e-4,0,0.0024465161394621976,tmp_jja,jja
27,"(0.05,0.075]",0.05,0.075,0.025,tmp,5.927682276229994e-4,0,0.0027482890553429972,tmp_avg,avg
180,"(0.05,0.075]",0.05,0.075,0.025,tmp,5.927682276229994e-4,0,0.0027482890553429972,tmp_jja,jja
28,"(0.075,0.1]",0.075,0.1,0.025,tmp,7.005442690089993e-4,0.03305491189308617,0.002834509888451797,tmp_avg,avg
62,"(0.075,0.1]",0.075,0.1,0.025,tmp,7.005442690089993e-4,0.03305491189308617,0.002834509888451797,tmp_djf,djf
181,"(0.075,0.1]",0.075,0.1,0.025,tmp,7.005442690089993e-4,0.03305491189308617,0.002834509888451797,tmp_jja,jja
29,"(0.1,0.125]",0.1,0.125,0.025,tmp,7.867651021177992e-4,0,0.002834509888451797,tmp_avg,avg
182,"(0.1,0.125]",0.1,0.125,0.025,tmp,7.867651021177992e-4,0,0.002834509888451797,tmp_jja,jja
30,"(0.125,0.15]",0.125,0.15,0.025,tmp,6.897666648703993e-4,0,0.0025758473891253973,tmp_avg,avg
183,"(0.125,0.15]",0.125,0.15,0.025,tmp,6.897666648703993e-4,0,0.0025758473891253973,tmp_jja,jja
31,"(0.15,0.175]",0.15,0.175,0.025,tmp,7.867651021177992e-4,0,0.0032009484291641967,tmp_avg,avg
184,"(0.15,0.175]",0.15,0.175,0.025,tmp,7.867651021177992e-4,0,0.0032009484291641967,tmp_jja,jja
32,"(0.175,0.2]",0.175,0.2,0.025,tmp,6.466562483159994e-4,0.034973325429756966,0.002953063533976397,tmp_avg,avg
63,"(0.175,0.2]",0.175,0.2,0.025,tmp,6.466562483159994e-4,0.034973325429756966,0.002953063533976397,tmp_djf,djf
185,"(0.175,0.2]",0.175,0.2,0.025,tmp,6.466562483159994e-4,0.034973325429756966,0.002953063533976397,tmp_jja,jja
33,"(0.2,0.225]",0.2,0.225,0.025,tmp,9.592067683353991e-4,0,0.0028237322843131974,tmp_avg,avg
186,"(0.2,0.225]",0.2,0.225,0.025,tmp,9.592067683353991e-4,0,0.0028237322843131974,tmp_jja,jja
34,"(0.225,0.25]",0.225,0.25,0.025,tmp,8.622083310879992e-4,0,0.003006951554669397,tmp_avg,avg
187,"(0.225,0.25]",0.225,0.25,0.025,tmp,8.622083310879992e-4,0,0.003006951554669397,tmp_jja,jja
35,"(0.25,0.275]",0.25,0.275,0.025,tmp,0.001056205205582799,0,0.003103949991916797,tmp_avg,avg
188,"(0.25,0.275]",0.25,0.275,0.025,tmp,0.001056205205582799,0,0.003103949991916797,tmp_jja,jja
36,"(0.275,0.3]",0.275,0.3,0.025,tmp,0.001056205205582799,0.034369779597995365,0.0036428301988467963,tmp_avg,avg
64,"(0.275,0.3]",0.275,0.3,0.025,tmp,0.001056205205582799,0.034369779597995365,0.0036428301988467963,tmp_djf,djf
189,"(0.275,0.3]",0.275,0.3,0.025,tmp,0.001056205205582799,0.034369779597995365,0.0036428301988467963,tmp_jja,jja
37,"(0.3,0.325]",0.3,0.325,0.025,tmp,9.053187476423991e-4,0,0.0032548364498571967,tmp_avg,avg
190,"(0.3,0.325]",0.3,0.325,0.025,tmp,9.053187476423991e-4,0,0.0032548364498571967,tmp_jja,jja
38,"(0.325,0.35]",0.325,0.35,0.025,tmp,0.0012178692676617989,0,0.0036967182195397964,tmp_avg,avg
191,"(0.325,0.35]",0.325,0.35,0.025,tmp,0.0012178692676617989,0,0.0036967182195397964,tmp_jja,jja
39,"(0.35,0.375]",0.35,0.375,0.025,tmp,0.0013040901007705986,0,0.0035242765533221965,tmp_avg,avg
192,"(0.35,0.375]",0.35,0.375,0.025,tmp,0.0013040901007705986,0,0.0035242765533221965,tmp_jja,jja
40,"(0.375,0.4]",0.375,0.4,0.025,tmp,0.0012394244759389988,0.03930592229347416,0.0034165005119361964,tmp_avg,avg
65,"(0.375,0.4]",0.375,0.4,0.025,tmp,0.0012394244759389988,0.03930592229347416,0.0034165005119361964,tmp_djf,djf
193,"(0.375,0.4]",0.375,0.4,0.025,tmp,0.0012394244759389988,0.03930592229347416,0.0034165005119361964,tmp_jja,jja
41,"(0.4,0.425]",0.4,0.425,0.025,tmp,0.0012825348924933987,0,0.003879937489895996,tmp_avg,avg
194,"(0.4,0.425]",0.4,0.425,0.025,tmp,0.0012825348924933987,0,0.003879937489895996,tmp_jja,jja
42,"(0.425,0.45]",0.425,0.45,0.025,tmp,0.0014334213504337986,0,0.0032332812415799966,tmp_avg,avg
195,"(0.425,0.45]",0.425,0.45,0.025,tmp,0.0014334213504337986,0,0.0032332812415799966,tmp_jja,jja
43,"(0.45,0.475]",0.45,0.475,0.025,tmp,0.0016381958290671984,0,0.0037506062402327964,tmp_avg,avg
196,"(0.45,0.475]",0.45,0.475,0.025,tmp,0.0016381958290671984,0,0.0037506062402327964,tmp_jja,jja
44,"(0.475,0.5]",0.475,0.5,0.025,tmp,0.0015950854125127984,0.036654631675378566,0.003739828636094196,tmp_avg,avg
66,"(0.475,0.5]",0.475,0.5,0.025,tmp,0.0015950854125127984,0.036654631675378566,0.003739828636094196,tmp_djf,djf
197,"(0.475,0.5]",0.475,0.5,0.025,tmp,0.0015950854125127984,0.036654631675378566,0.003739828636094196,tmp_jja,jja
45,"(0.5,0.525]",0.5,0.525,0.025,tmp,0.0018106374952847981,3.125505200193997e-4,0.0035350541574607963,tmp_avg,avg
67,"(0.5,0.525]",0.5,0.525,0.025,tmp,0.0018106374952847981,3.125505200193997e-4,0.0035350541574607963,tmp_djf,djf
198,"(0.5,0.525]",0.5,0.525,0.025,tmp,0.0018106374952847981,3.125505200193997e-4,0.0035350541574607963,tmp_jja,jja
46,"(0.525,0.55]",0.525,0.55,0.025,tmp,0.001853747911839198,0,0.0036967182195397964,tmp_avg,avg
199,"(0.525,0.55]",0.525,0.55,0.025,tmp,0.001853747911839198,0,0.0036967182195397964,tmp_jja,jja
47,"(0.55,0.575]",0.55,0.575,0.025,tmp,0.002069299994611198,0,0.0035027213450449964,tmp_avg,avg
200,"(0.55,0.575]",0.55,0.575,0.025,tmp,0.002069299994611198,0,0.0035027213450449964,tmp_jja,jja
48,"(0.575,0.6]",0.575,0.6,0.025,tmp,0.002403405722907798,0.03674085250848736,0.0034703885326291964,tmp_avg,avg
68,"(0.575,0.6]",0.575,0.6,0.025,tmp,0.002403405722907798,0.03674085250848736,0.0034703885326291964,tmp_djf,djf
201,"(0.575,0.6]",0.575,0.6,0.025,tmp,0.002403405722907798,0.03674085250848736,0.0034703885326291964,tmp_jja,jja
49,"(0.6,0.625]",0.6,0.625,0.025,tmp,0.0027913994718973974,0,0.0033518348871045965,tmp_avg,avg
202,"(0.6,0.625]",0.6,0.625,0.025,tmp,0.0027913994718973974,0,0.0033518348871045965,tmp_jja,jja
50,"(0.625,0.65]",0.625,0.65,0.025,tmp,0.002996173950530797,0,0.0034811661367677967,tmp_avg,avg
203,"(0.625,0.65]",0.625,0.65,0.025,tmp,0.002996173950530797,0,0.0034811661367677967,tmp_jja,jja
51,"(0.65,0.675]",0.65,0.675,0.025,tmp,0.002974618742253597,0,0.0034811661367677967,tmp_avg,avg
204,"(0.65,0.675]",0.65,0.675,0.025,tmp,0.002974618742253597,0,0.0034811661367677967,tmp_jja,jja
52,"(0.675,0.7]",0.675,0.7,0.025,tmp,0.003125505200193997,0.03445600043110417,0.0034165005119361964,tmp_avg,avg
69,"(0.675,0.7]",0.675,0.7,0.025,tmp,0.003125505200193997,0.03445600043110417,0.0034165005119361964,tmp_djf,djf
205,"(0.675,0.7]",0.675,0.7,0.025,tmp,0.003125505200193997,0.03445600043110417,0.0034165005119361964,tmp_jja,jja
53,"(0.7,0.725]",0.7,0.725,0.025,tmp,0.003244058845718597,1.4010885380179986e-4,0.0033518348871045965,tmp_avg,avg
70,"(0.7,0.725]",0.7,0.725,0.025,tmp,0.003244058845718597,1.4010885380179986e-4,0.0033518348871045965,tmp_djf,djf
206,"(0.7,0.725]",0.7,0.725,0.025,tmp,0.003244058845718597,1.4010885380179986e-4,0.0033518348871045965,tmp_jja,jja
54,"(0.725,0.75]",0.725,0.75,0.025,tmp,0.003772161448509996,0,0.0038368270733415964,tmp_avg,avg
207,"(0.725,0.75]",0.725,0.75,0.025,tmp,0.003772161448509996,0,0.0038368270733415964,tmp_jja,jja
55,"(0.75,0.775]",0.75,0.775,0.025,tmp,0.003772161448509996,0,0.003912270302311796,tmp_avg,avg
208,"(0.75,0.775]",0.75,0.775,0.025,tmp,0.003772161448509996,0,0.003912270302311796,tmp_jja,jja
56,"(0.775,0.8]",0.775,0.8,0.025,tmp,0.0041709328016381955,0.03683785094573476,0.0036751630112625963,tmp_avg,avg
71,"(0.775,0.8]",0.775,0.8,0.025,tmp,0.0041709328016381955,0.03683785094573476,0.0036751630112625963,tmp_djf,djf
209,"(0.775,0.8]",0.775,0.8,0.025,tmp,0.0041709328016381955,0.03683785094573476,0.0036751630112625963,tmp_jja,jja
57,"(0.8,0.825]",0.8,0.825,0.025,tmp,0.004440372905103195,0,0.0036212749905695962,tmp_avg,avg
210,"(0.8,0.825]",0.8,0.825,0.025,tmp,0.004440372905103195,0,0.0036212749905695962,tmp_jja,jja
58,"(0.825,0.85]",0.825,0.85,0.025,tmp,0.005022363528587595,0,0.0038152718650643963,tmp_avg,avg
211,"(0.825,0.85]",0.825,0.85,0.025,tmp,0.005022363528587595,0,0.0038152718650643963,tmp_jja,jja
59,"(0.85,0.875]",0.85,0.875,0.025,tmp,0.005388802069299994,0,0.003793716656787196,tmp_avg,avg
212,"(0.85,0.875]",0.85,0.875,0.025,tmp,0.005388802069299994,0,0.003793716656787196,tmp_jja,jja
60,"(0.875,0.9]",0.875,0.9,0.025,tmp,0.0054642452982701945,0.03909037021070216,0.0034272781160747967,tmp_avg,avg
72,"(0.875,0.9]",0.875,0.9,0.025,tmp,0.0054642452982701945,0.03909037021070216,0.0034272781160747967,tmp_djf,djf
213,"(0.875,0.9]",0.875,0.9,0.025,tmp,0.0054642452982701945,0.03909037021070216,0.0034272781160747967,tmp_jja,jja
61,"(0.9,0.925]",0.9,0.925,0.025,tmp,0.0053241364444683945,0,0.004106267176806596,tmp_avg,avg
214,"(0.9,0.925]",0.9,0.925,0.025,tmp,0.0053241364444683945,0,0.004106267176806596,tmp_jja,jja
62,"(0.925,0.95]",0.925,0.95,0.025,tmp,0.006143234359001994,0,0.004063156760252196,tmp_avg,avg
215,"(0.925,0.95]",0.925,0.95,0.025,tmp,0.006143234359001994,0,0.004063156760252196,tmp_jja,jja
63,"(0.95,0.975]",0.95,0.975,0.025,tmp,0.005625909360349194,0,0.003912270302311796,tmp_avg,avg
216,"(0.95,0.975]",0.95,0.975,0.025,tmp,0.005625909360349194,0,0.003912270302311796,tmp_jja,jja
64,"(0.975,1]",0.975,1,0.025,tmp,0.005625909360349194,0.040211241041116556,0.004235598426469795,tmp_avg,avg
73,"(0.975,1]",0.975,1,0.025,tmp,0.005625909360349194,0.040211241041116556,0.004235598426469795,tmp_djf,djf
217,"(0.975,1]",0.975,1,0.025,tmp,0.005625909360349194,0.040211241041116556,0.004235598426469795,tmp_jja,jja
65,"(1,1.025]",1,1.025,0.025,tmp,0.005550466131378994,0.0014873093711267986,0.004634369779597996,tmp_avg,avg
74,"(1,1.025]",1,1.025,0.025,tmp,0.005550466131378994,0.0014873093711267986,0.004634369779597996,tmp_djf,djf
218,"(1,1.025]",1,1.025,0.025,tmp,0.005550466131378994,0.0014873093711267986,0.004634369779597996,tmp_jja,jja
66,"(1.025,1.05]",1.025,1.05,0.025,tmp,0.005755240610012394,0,0.004332596863717196,tmp_avg,avg
219,"(1.025,1.05]",1.025,1.05,0.025,tmp,0.005755240610012394,0,0.004332596863717196,tmp_jja,jja
67,"(1.05,1.075]",1.05,1.075,0.025,tmp,0.0058845718596755945,0,0.003933825510588996,tmp_avg,avg
220,"(1.05,1.075]",1.05,1.075,0.025,tmp,0.0058845718596755945,0,0.003933825510588996,tmp_jja,jja
68,"(1.075,1.1]",1.075,1.1,0.025,tmp,0.005733685401735194,0.04016813062456216,0.004655924987875195,tmp_avg,avg
75,"(1.075,1.1]",1.075,1.1,0.025,tmp,0.005733685401735194,0.04016813062456216,0.004655924987875195,tmp_djf,djf
221,"(1.075,1.1]",1.075,1.1,0.025,tmp,0.005733685401735194,0.04016813062456216,0.004655924987875195,tmp_jja,jja
69,"(1.1,1.125]",1.1,1.125,0.025,tmp,0.005722907797596594,0,0.004796033841676995,tmp_avg,avg
222,"(1.1,1.125]",1.1,1.125,0.025,tmp,0.005722907797596594,0,0.004796033841676995,tmp_jja,jja
70,"(1.125,1.15]",1.125,1.15,0.025,tmp,0.005712130193457995,0,0.004106267176806596,tmp_avg,avg
223,"(1.125,1.15]",1.125,1.15,0.025,tmp,0.005712130193457995,0,0.004106267176806596,tmp_jja,jja
71,"(1.15,1.175]",1.15,1.175,0.025,tmp,0.0056366869644877944,0,0.004397262488548796,tmp_avg,avg
224,"(1.15,1.175]",1.15,1.175,0.025,tmp,0.0056366869644877944,0,0.004397262488548796,tmp_jja,jja
72,"(1.175,1.2]",1.175,1.2,0.025,tmp,0.005367246861022795,0.04042679312388856,0.004106267176806596,tmp_avg,avg
76,"(1.175,1.2]",1.175,1.2,0.025,tmp,0.005367246861022795,0.04042679312388856,0.004106267176806596,tmp_djf,djf
225,"(1.175,1.2]",1.175,1.2,0.025,tmp,0.005367246861022795,0.04042679312388856,0.004106267176806596,tmp_jja,jja
73,"(1.2,1.225]",1.2,1.225,0.025,tmp,0.005076251549280595,0.0017459718704531983,0.003966158323004796,tmp_avg,avg
77,"(1.2,1.225]",1.2,1.225,0.025,tmp,0.005076251549280595,0.0017459718704531983,0.003966158323004796,tmp_djf,djf
226,"(1.2,1.225]",1.2,1.225,0.025,tmp,0.005076251549280595,0.0017459718704531983,0.003966158323004796,tmp_jja,jja
74,"(1.225,1.25]",1.225,1.25,0.025,tmp,0.004990030716171795,0,0.004569704154766396,tmp_avg,avg
227,"(1.225,1.25]",1.225,1.25,0.025,tmp,0.004990030716171795,0,0.004569704154766396,tmp_jja,jja
75,"(1.25,1.275]",1.25,1.275,0.025,tmp,0.005162472382389395,0,0.004494260925796196,tmp_avg,avg
228,"(1.25,1.275]",1.25,1.275,0.025,tmp,0.005162472382389395,0,0.004494260925796196,tmp_jja,jja
76,"(1.275,1.3]",1.275,1.3,0.025,tmp,0.005119361965834995,0.04141833270463976,0.004903809883062995,tmp_avg,avg
78,"(1.275,1.3]",1.275,1.3,0.025,tmp,0.005119361965834995,0.04141833270463976,0.004903809883062995,tmp_djf,djf
229,"(1.275,1.3]",1.275,1.3,0.025,tmp,0.005119361965834995,0.04141833270463976,0.004903809883062995,tmp_jja,jja
77,"(1.3,1.325]",1.3,1.325,0.025,tmp,0.004957697903755995,0,0.005291803632052595,tmp_avg,avg
230,"(1.3,1.325]",1.3,1.325,0.025,tmp,0.004957697903755995,0,0.005291803632052595,tmp_jja,jja
78,"(1.325,1.35]",1.325,1.35,0.025,tmp,0.0053241364444683945,0,0.005054696341003395,tmp_avg,avg
231,"(1.325,1.35]",1.325,1.35,0.025,tmp,0.0053241364444683945,0,0.005054696341003395,tmp_jja,jja
79,"(1.35,1.375]",1.35,1.375,0.025,tmp,0.006143234359001994,0,0.005227138007220995,tmp_avg,avg
232,"(1.35,1.375]",1.35,1.375,0.025,tmp,0.006143234359001994,0,0.005227138007220995,tmp_jja,jja
80,"(1.375,1.4]",1.375,1.4,0.025,tmp,0.005766018214150994,0.035910976989815165,0.005140917174112195,tmp_avg,avg
79,"(1.375,1.4]",1.375,1.4,0.025,tmp,0.005766018214150994,0.035910976989815165,0.005140917174112195,tmp_djf,djf
233,"(1.375,1.4]",1.375,1.4,0.025,tmp,0.005766018214150994,0.035910976989815165,0.005140917174112195,tmp_jja,jja
81,"(1.4,1.425]",1.4,1.425,0.025,tmp,0.006024680713477394,0,0.0054965781106859945,tmp_avg,avg
234,"(1.4,1.425]",1.4,1.425,0.025,tmp,0.006024680713477394,0,0.0054965781106859945,tmp_jja,jja
82,"(1.425,1.45]",1.425,1.45,0.025,tmp,0.006121679150724794,0,0.005227138007220995,tmp_avg,avg
235,"(1.425,1.45]",1.425,1.45,0.025,tmp,0.006121679150724794,0,0.005227138007220995,tmp_jja,jja
83,"(1.45,1.475]",1.45,1.475,0.025,tmp,0.006574338524545993,0,0.005151694778250795,tmp_avg,avg
236,"(1.45,1.475]",1.45,1.475,0.025,tmp,0.006574338524545993,0,0.005151694778250795,tmp_jja,jja
84,"(1.475,1.5]",1.475,1.5,0.025,tmp,0.006186344775556394,0.035932532198092365,0.005140917174112195,tmp_avg,avg
80,"(1.475,1.5]",1.475,1.5,0.025,tmp,0.006186344775556394,0.035932532198092365,0.005140917174112195,tmp_djf,djf
237,"(1.475,1.5]",1.475,1.5,0.025,tmp,0.006186344775556394,0.035932532198092365,0.005140917174112195,tmp_jja,jja
85,"(1.5,1.525]",1.5,1.525,0.025,tmp,0.006703669774209193,0.0013579781214635986,0.005378024465161395,tmp_avg,avg
81,"(1.5,1.525]",1.5,1.525,0.025,tmp,0.006703669774209193,0.0013579781214635986,0.005378024465161395,tmp_djf,djf
238,"(1.5,1.525]",1.5,1.525,0.025,tmp,0.006703669774209193,0.0013579781214635986,0.005378024465161395,tmp_jja,jja
86,"(1.525,1.55]",1.525,1.55,0.025,tmp,0.007436546855633993,0,0.004817589049954195,tmp_avg,avg
239,"(1.525,1.55]",1.525,1.55,0.025,tmp,0.007436546855633993,0,0.004817589049954195,tmp_jja,jja
87,"(1.55,1.575]",1.55,1.575,0.025,tmp,0.008481974457078191,0,0.005528910923101794,tmp_avg,avg
240,"(1.55,1.575]",1.55,1.575,0.025,tmp,0.008481974457078191,0,0.005528910923101794,tmp_jja,jja
88,"(1.575,1.6]",1.575,1.6,0.025,tmp,0.007813763000484992,0.04139677749636256,0.004666702592013796,tmp_avg,avg
82,"(1.575,1.6]",1.575,1.6,0.025,tmp,0.007813763000484992,0.04139677749636256,0.004666702592013796,tmp_djf,djf
241,"(1.575,1.6]",1.575,1.6,0.025,tmp,0.007813763000484992,0.04139677749636256,0.004666702592013796,tmp_jja,jja
89,"(1.6,1.625]",1.6,1.625,0.025,tmp,0.0077706525839305925,0,0.004968475507894595,tmp_avg,avg
242,"(1.6,1.625]",1.6,1.625,0.025,tmp,0.0077706525839305925,0,0.004968475507894595,tmp_jja,jja
90,"(1.625,1.65]",1.625,1.65,0.025,tmp,0.0074904348763269925,0,0.004936142695478795,tmp_avg,avg
243,"(1.625,1.65]",1.625,1.65,0.025,tmp,0.0074904348763269925,0,0.004936142695478795,tmp_jja,jja
91,"(1.65,1.675]",1.65,1.675,0.025,tmp,0.007414991647356792,0,0.0051840275906665945,tmp_avg,avg
244,"(1.65,1.675]",1.65,1.675,0.025,tmp,0.007414991647356792,0,0.0051840275906665945,tmp_jja,jja
92,"(1.675,1.7]",1.675,1.7,0.025,tmp,0.0075227676887427925,0.04068545562321496,0.004526593738211996,tmp_avg,avg
83,"(1.675,1.7]",1.675,1.7,0.025,tmp,0.0075227676887427925,0.04068545562321496,0.004526593738211996,tmp_djf,djf
245,"(1.675,1.7]",1.675,1.7,0.025,tmp,0.0075227676887427925,0.04068545562321496,0.004526593738211996,tmp_jja,jja
93,"(1.7,1.725]",1.7,1.725,0.025,tmp,0.006962332273535593,6.789890607317993e-4,0.004828366654092795,tmp_avg,avg
84,"(1.7,1.725]",1.7,1.725,0.025,tmp,0.006962332273535593,6.789890607317993e-4,0.004828366654092795,tmp_djf,djf
246,"(1.7,1.725]",1.7,1.725,0.025,tmp,0.006962332273535593,6.789890607317993e-4,0.004828366654092795,tmp_jja,jja
94,"(1.725,1.75]",1.725,1.75,0.025,tmp,0.006994665085951393,0,0.005119361965834995,tmp_avg,avg
247,"(1.725,1.75]",1.725,1.75,0.025,tmp,0.006994665085951393,0,0.005119361965834995,tmp_jja,jja
95,"(1.75,1.775]",1.75,1.775,0.025,tmp,0.0076305437301287925,0,0.0045589265506277956,tmp_avg,avg
248,"(1.75,1.775]",1.75,1.775,0.025,tmp,0.0076305437301287925,0,0.0045589265506277956,tmp_jja,jja
96,"(1.775,1.8]",1.775,1.8,0.025,tmp,0.006865333836288193,0.03440211241041117,0.004709813008568195,tmp_avg,avg
85,"(1.775,1.8]",1.775,1.8,0.025,tmp,0.006865333836288193,0.03440211241041117,0.004709813008568195,tmp_djf,djf
249,"(1.775,1.8]",1.775,1.8,0.025,tmp,0.006865333836288193,0.03440211241041117,0.004709813008568195,tmp_jja,jja
97,"(1.8,1.825]",1.8,1.825,0.025,tmp,0.007598210917712993,0,0.004289486447162796,tmp_avg,avg
250,"(1.8,1.825]",1.8,1.825,0.025,tmp,0.007598210917712993,0,0.004289486447162796,tmp_jja,jja
98,"(1.825,1.85]",1.825,1.85,0.025,tmp,0.007598210917712993,0,0.004440372905103195,tmp_avg,avg
251,"(1.825,1.85]",1.825,1.85,0.025,tmp,0.007598210917712993,0,0.004440372905103195,tmp_jja,jja
99,"(1.85,1.875]",1.85,1.875,0.025,tmp,0.007673654146683193,0,0.004127822385083796,tmp_avg,avg
252,"(1.85,1.875]",1.85,1.875,0.025,tmp,0.007673654146683193,0,0.004127822385083796,tmp_jja,jja
100,"(1.875,1.9]",1.875,1.9,0.025,tmp,0.007371881230802392,0.03169693377162257,0.004257153634746996,tmp_avg,avg
86,"(1.875,1.9]",1.875,1.9,0.025,tmp,0.007371881230802392,0.03169693377162257,0.004257153634746996,tmp_djf,djf
253,"(1.875,1.9]",1.875,1.9,0.025,tmp,0.007371881230802392,0.03169693377162257,0.004257153634746996,tmp_jja,jja
101,"(1.9,1.925]",1.9,1.925,0.025,tmp,0.008481974457078191,0,0.003955380718866196,tmp_avg,avg
254,"(1.9,1.925]",1.9,1.925,0.025,tmp,0.008481974457078191,0,0.003955380718866196,tmp_jja,jja
102,"(1.925,1.95]",1.925,1.95,0.025,tmp,0.007889206229455192,0,0.004149377593360996,tmp_avg,avg
255,"(1.925,1.95]",1.925,1.95,0.025,tmp,0.007889206229455192,0,0.004149377593360996,tmp_jja,jja
103,"(1.95,1.975]",1.95,1.975,0.025,tmp,0.008902301018483591,0,0.004494260925796196,tmp_avg,avg
256,"(1.95,1.975]",1.95,1.975,0.025,tmp,0.008902301018483591,0,0.004494260925796196,tmp_jja,jja
104,"(1.975,2]",1.975,2,0.025,tmp,0.00921485153850299,0.016834617664493182,0.004472705717518995,tmp_avg,avg
87,"(1.975,2]",1.975,2,0.025,tmp,0.00921485153850299,0.016834617664493182,0.004472705717518995,tmp_djf,djf
257,"(1.975,2]",1.975,2,0.025,tmp,0.00921485153850299,0.016834617664493182,0.004472705717518995,tmp_jja,jja
105,"(2,2.025]",2,2.025,0.025,tmp,0.00958129007921539,0.0034488333243519968,0.003976935927143396,tmp_avg,avg
88,"(2,2.025]",2,2.025,0.025,tmp,0.00958129007921539,0.0034488333243519968,0.003976935927143396,tmp_djf,djf
258,"(2,2.025]",2,2.025,0.025,tmp,0.00958129007921539,0.0034488333243519968,0.003976935927143396,tmp_jja,jja
106,"(2.025,2.05]",2.025,2.05,0.025,tmp,0.01042194320202619,0,0.0039014926981731962,tmp_avg,avg
259,"(2.025,2.05]",2.025,2.05,0.025,tmp,0.01042194320202619,0,0.0039014926981731962,tmp_jja,jja
107,"(2.05,2.075]",2.05,2.075,0.025,tmp,0.00991539580751199,0,0.004364929676132996,tmp_avg,avg
260,"(2.05,2.075]",2.05,2.075,0.025,tmp,0.00991539580751199,0,0.004364929676132996,tmp_jja,jja
108,"(2.075,2.1]",2.075,2.1,0.025,tmp,0.010497386430996389,0.011963140593845989,0.004278708843024196,tmp_avg,avg
89,"(2.075,2.1]",2.075,2.1,0.025,tmp,0.010497386430996389,0.011963140593845989,0.004278708843024196,tmp_djf,djf
261,"(2.075,2.1]",2.075,2.1,0.025,tmp,0.010497386430996389,0.011963140593845989,0.004278708843024196,tmp_jja,jja
109,"(2.1,2.125]",2.1,2.125,0.025,tmp,0.010368055181333189,0,0.0041709328016381955,tmp_avg,avg
262,"(2.1,2.125]",2.1,2.125,0.025,tmp,0.010368055181333189,0,0.0041709328016381955,tmp_jja,jja
110,"(2.125,2.15]",2.125,2.15,0.025,tmp,0.01023872393166999,0,0.0042032656140539955,tmp_avg,avg
263,"(2.125,2.15]",2.125,2.15,0.025,tmp,0.01023872393166999,0,0.0042032656140539955,tmp_jja,jja
111,"(2.15,2.175]",2.15,2.175,0.025,tmp,0.01059438486824379,0,0.004073934364390796,tmp_avg,avg
264,"(2.15,2.175]",2.15,2.175,0.025,tmp,0.01059438486824379,0,0.004073934364390796,tmp_jja,jja
112,"(2.175,2.2]",2.175,2.2,0.025,tmp,0.011639812469687988,0.004117044780945196,0.004364929676132996,tmp_avg,avg
90,"(2.175,2.2]",2.175,2.2,0.025,tmp,0.011639812469687988,0.004117044780945196,0.004364929676132996,tmp_djf,djf
265,"(2.175,2.2]",2.175,2.2,0.025,tmp,0.011639812469687988,0.004117044780945196,0.004364929676132996,tmp_jja,jja
113,"(2.2,2.225]",2.2,2.225,0.025,tmp,0.011197930700005389,0,0.004235598426469795,tmp_avg,avg
266,"(2.2,2.225]",2.2,2.225,0.025,tmp,0.011197930700005389,0,0.004235598426469795,tmp_jja,jja
114,"(2.225,2.25]",2.225,2.25,0.025,tmp,0.011973918197984589,0,0.004429595300964596,tmp_avg,avg
267,"(2.225,2.25]",2.225,2.25,0.025,tmp,0.011973918197984589,0,0.004429595300964596,tmp_jja,jja
115,"(2.25,2.275]",2.25,2.275,0.025,tmp,0.01107937705448079,0,0.0044834833216575954,tmp_avg,avg
268,"(2.25,2.275]",2.25,2.275,0.025,tmp,0.01107937705448079,0,0.0044834833216575954,tmp_jja,jja
116,"(2.275,2.3]",2.275,2.3,0.025,tmp,0.012081694239370588,3.2332812415799966e-5,0.004602036967182196,tmp_avg,avg
91,"(2.275,2.3]",2.275,2.3,0.025,tmp,0.012081694239370588,3.2332812415799966e-5,0.004602036967182196,tmp_djf,djf
269,"(2.275,2.3]",2.275,2.3,0.025,tmp,0.012081694239370588,3.2332812415799966e-5,0.004602036967182196,tmp_jja,jja
117,"(2.3,2.325]",2.3,2.325,0.025,tmp,0.012297246322142588,0,0.004472705717518995,tmp_avg,avg
270,"(2.3,2.325]",2.3,2.325,0.025,tmp,0.012297246322142588,0,0.004472705717518995,tmp_jja,jja
118,"(2.325,2.35]",2.325,2.35,0.025,tmp,0.012297246322142588,0,0.005248693215498194,tmp_avg,avg
271,"(2.325,2.35]",2.325,2.35,0.025,tmp,0.012297246322142588,0,0.005248693215498194,tmp_jja,jja
119,"(2.35,2.375]",2.35,2.375,0.025,tmp,0.012566686425607588,0,0.0045912593630435955,tmp_avg,avg
272,"(2.35,2.375]",2.35,2.375,0.025,tmp,0.012566686425607588,0,0.0045912593630435955,tmp_jja,jja
120,"(2.375,2.4]",2.375,2.4,0.025,tmp,0.013439672360834187,0,0.005194805194805195,tmp_avg,avg
273,"(2.375,2.4]",2.375,2.4,0.025,tmp,0.013439672360834187,0,0.005194805194805195,tmp_jja,jja
121,"(2.4,2.425]",2.4,2.425,0.025,tmp,0.012351134342835588,0,0.0045589265506277956,tmp_avg,avg
274,"(2.4,2.425]",2.4,2.425,0.025,tmp,0.012351134342835588,0,0.0045589265506277956,tmp_jja,jja
122,"(2.425,2.45]",2.425,2.45,0.025,tmp,0.011650590073826588,0,0.005270248423775395,tmp_avg,avg
275,"(2.425,2.45]",2.425,2.45,0.025,tmp,0.011650590073826588,0,0.005270248423775395,tmp_jja,jja
123,"(2.45,2.475]",2.45,2.475,0.025,tmp,0.011844586948321387,0,0.004979253112033195,tmp_avg,avg
276,"(2.45,2.475]",2.45,2.475,0.025,tmp,0.011844586948321387,0,0.004979253112033195,tmp_jja,jja
124,"(2.475,2.5]",2.475,2.5,0.025,tmp,0.010971601013094788,0,0.005367246861022795,tmp_avg,avg
277,"(2.475,2.5]",2.475,2.5,0.025,tmp,0.010971601013094788,0,0.005367246861022795,tmp_jja,jja
125,"(2.5,2.525]",2.5,2.525,0.025,tmp,0.01086382497170879,0,0.005270248423775395,tmp_avg,avg
278,"(2.5,2.525]",2.5,2.525,0.025,tmp,0.01086382497170879,0,0.005270248423775395,tmp_jja,jja
126,"(2.525,2.55]",2.525,2.55,0.025,tmp,0.011478148407608989,0,0.0052163604030823945,tmp_avg,avg
279,"(2.525,2.55]",2.525,2.55,0.025,tmp,0.011478148407608989,0,0.0052163604030823945,tmp_jja,jja
127,"(2.55,2.575]",2.55,2.575,0.025,tmp,0.011532036428301988,0,0.005248693215498194,tmp_avg,avg
280,"(2.55,2.575]",2.55,2.575,0.025,tmp,0.011532036428301988,0,0.005248693215498194,tmp_jja,jja
128,"(2.575,2.6]",2.575,2.6,0.025,tmp,0.011661367677965188,0,0.005507355714824595,tmp_avg,avg
281,"(2.575,2.6]",2.575,2.6,0.025,tmp,0.011661367677965188,0,0.005507355714824595,tmp_jja,jja
129,"(2.6,2.625]",2.6,2.625,0.025,tmp,0.011316484345529988,0,0.005669019776903594,tmp_avg,avg
282,"(2.6,2.625]",2.6,2.625,0.025,tmp,0.011316484345529988,0,0.005669019776903594,tmp_jja,jja
130,"(2.625,2.65]",2.625,2.65,0.025,tmp,0.011715255698658188,0,0.005378024465161395,tmp_avg,avg
283,"(2.625,2.65]",2.625,2.65,0.025,tmp,0.011715255698658188,0,0.005378024465161395,tmp_jja,jja
131,"(2.65,2.675]",2.65,2.675,0.025,tmp,0.01013094789028399,0,0.005097806757557795,tmp_avg,avg
284,"(2.65,2.675]",2.65,2.675,0.025,tmp,0.01013094789028399,0,0.005097806757557795,tmp_jja,jja
132,"(2.675,2.7]",2.675,2.7,0.025,tmp,0.009462736433690791,0,0.005981570296922994,tmp_avg,avg
285,"(2.675,2.7]",2.675,2.7,0.025,tmp,0.009462736433690791,0,0.005981570296922994,tmp_jja,jja
133,"(2.7,2.725]",2.7,2.725,0.025,tmp,0.01080993695101579,0,0.0058845718596755945,tmp_avg,avg
286,"(2.7,2.725]",2.7,2.725,0.025,tmp,0.01080993695101579,0,0.0058845718596755945,tmp_jja,jja
134,"(2.725,2.75]",2.725,2.75,0.025,tmp,0.01129492913725279,0,0.005722907797596594,tmp_avg,avg
287,"(2.725,2.75]",2.725,2.75,0.025,tmp,0.01129492913725279,0,0.005722907797596594,tmp_jja,jja
135,"(2.75,2.775]",2.75,2.775,0.025,tmp,0.011241041116559788,0,0.005992347901061594,tmp_avg,avg
288,"(2.75,2.775]",2.75,2.775,0.025,tmp,0.011241041116559788,0,0.005992347901061594,tmp_jja,jja
136,"(2.775,2.8]",2.775,2.8,0.025,tmp,0.011769143719351189,0,0.0054642452982701945,tmp_avg,avg
289,"(2.775,2.8]",2.775,2.8,0.025,tmp,0.011769143719351189,0,0.0054642452982701945,tmp_jja,jja
137,"(2.8,2.825]",2.8,2.825,0.025,tmp,0.011488926011747589,0,0.005313358840329794,tmp_avg,avg
290,"(2.8,2.825]",2.8,2.825,0.025,tmp,0.011488926011747589,0,0.005313358840329794,tmp_jja,jja
138,"(2.825,2.85]",2.825,2.85,0.025,tmp,0.011963140593845989,0,0.005539688527240395,tmp_avg,avg
291,"(2.825,2.85]",2.825,2.85,0.025,tmp,0.011963140593845989,0,0.005539688527240395,tmp_jja,jja
139,"(2.85,2.875]",2.85,2.875,0.025,tmp,0.011984695802123187,0,0.005561243735517594,tmp_avg,avg
292,"(2.85,2.875]",2.85,2.875,0.025,tmp,0.011984695802123187,0,0.005561243735517594,tmp_jja,jja
140,"(2.875,2.9]",2.875,2.9,0.025,tmp,0.012534353613191787,0,0.005270248423775395,tmp_avg,avg
293,"(2.875,2.9]",2.875,2.9,0.025,tmp,0.012534353613191787,0,0.005270248423775395,tmp_jja,jja
141,"(2.9,2.925]",2.9,2.925,0.025,tmp,0.013622891631190386,0,0.005766018214150994,tmp_avg,avg
294,"(2.9,2.925]",2.9,2.925,0.025,tmp,0.013622891631190386,0,0.005766018214150994,tmp_jja,jja
142,"(2.925,2.95]",2.925,2.95,0.025,tmp,0.014851538502990785,0,0.0053564692568841945,tmp_avg,avg
295,"(2.925,2.95]",2.925,2.95,0.025,tmp,0.014851538502990785,0,0.0053564692568841945,tmp_jja,jja
143,"(2.95,2.975]",2.95,2.975,0.025,tmp,0.015638303605108584,0,0.004893032278924395,tmp_avg,avg
296,"(2.95,2.975]",2.95,2.975,0.025,tmp,0.015638303605108584,0,0.004893032278924395,tmp_jja,jja
144,"(2.975,3]",2.975,3,0.025,tmp,0.013030123403567387,0,0.004925365091340195,tmp_avg,avg
297,"(2.975,3]",2.975,3,0.025,tmp,0.013030123403567387,0,0.004925365091340195,tmp_jja,jja
145,"(3,3.025]",3,3.025,0.025,tmp,0.011866142156598588,0,0.0048391442582313956,tmp_avg,avg
298,"(3,3.025]",3,3.025,0.025,tmp,0.011866142156598588,0,0.0048391442582313956,tmp_jja,jja
146,"(3.025,3.05]",3.025,3.05,0.025,tmp,0.01142426038691599,0,0.005237915611359595,tmp_avg,avg
299,"(3.025,3.05]",3.025,3.05,0.025,tmp,0.01142426038691599,0,0.005237915611359595,tmp_jja,jja
147,"(3.05,3.075]",3.05,3.075,0.025,tmp,0.011596702053133588,0,0.005270248423775395,tmp_avg,avg
300,"(3.05,3.075]",3.05,3.075,0.025,tmp,0.011596702053133588,0,0.005270248423775395,tmp_jja,jja
148,"(3.075,3.1]",3.075,3.1,0.025,tmp,0.008902301018483591,0,0.005248693215498194,tmp_avg,avg
301,"(3.075,3.1]",3.075,3.1,0.025,tmp,0.008902301018483591,0,0.005248693215498194,tmp_jja,jja
149,"(3.1,3.125]",3.1,3.125,0.025,tmp,0.008762192164681791,0,0.005140917174112195,tmp_avg,avg
302,"(3.1,3.125]",3.1,3.125,0.025,tmp,0.008762192164681791,0,0.005140917174112195,tmp_jja,jja
150,"(3.125,3.15]",3.125,3.15,0.025,tmp,0.007339548418386592,0,0.005485800506547394,tmp_avg,avg
303,"(3.125,3.15]",3.125,3.15,0.025,tmp,0.007339548418386592,0,0.005485800506547394,tmp_jja,jja
151,"(3.15,3.175]",3.15,3.175,0.025,tmp,0.006348008837635394,0,0.0056043541520719945,tmp_avg,avg
304,"(3.15,3.175]",3.15,3.175,0.025,tmp,0.006348008837635394,0,0.0056043541520719945,tmp_jja,jja
152,"(3.175,3.2]",3.175,3.2,0.025,tmp,0.0062294551921107935,0,0.005518133318963194,tmp_avg,avg
305,"(3.175,3.2]",3.175,3.2,0.025,tmp,0.0062294551921107935,0,0.005518133318963194,tmp_jja,jja
153,"(3.2,3.225]",3.2,3.225,0.025,tmp,0.005593576547933394,0,0.006003125505200194,tmp_avg,avg
306,"(3.2,3.225]",3.2,3.225,0.025,tmp,0.005593576547933394,0,0.006003125505200194,tmp_jja,jja
154,"(3.225,3.25]",3.225,3.25,0.025,tmp,0.005539688527240395,0,0.005852239047259795,tmp_avg,avg
307,"(3.225,3.25]",3.225,3.25,0.025,tmp,0.005539688527240395,0,0.005852239047259795,tmp_jja,jja
155,"(3.25,3.275]",3.25,3.275,0.025,tmp,0.006024680713477394,0,0.005550466131378994,tmp_avg,avg
308,"(3.25,3.275]",3.25,3.275,0.025,tmp,0.006024680713477394,0,0.005550466131378994,tmp_jja,jja
156,"(3.275,3.3]",3.275,3.3,0.025,tmp,0.0048714770706471955,0,0.004936142695478795,tmp_avg,avg
309,"(3.275,3.3]",3.275,3.3,0.025,tmp,0.0048714770706471955,0,0.004936142695478795,tmp_jja,jja
157,"(3.3,3.325]",3.3,3.325,0.025,tmp,0.004580481758904995,0,0.004677480196152395,tmp_avg,avg
310,"(3.3,3.325]",3.3,3.325,0.025,tmp,0.004580481758904995,0,0.004677480196152395,tmp_jja,jja
158,"(3.325,3.35]",3.325,3.35,0.025,tmp,0.0042032656140539955,0,0.0045912593630435955,tmp_avg,avg
311,"(3.325,3.35]",3.325,3.35,0.025,tmp,0.0042032656140539955,0,0.0045912593630435955,tmp_jja,jja
159,"(3.35,3.375]",3.35,3.375,0.025,tmp,0.0038691598857573963,0,0.0035781645740151965,tmp_avg,avg
312,"(3.35,3.375]",3.35,3.375,0.025,tmp,0.0038691598857573963,0,0.0035781645740151965,tmp_jja,jja
160,"(3.375,3.4]",3.375,3.4,0.025,tmp,0.0037506062402327964,0,0.004181710405776796,tmp_avg,avg
313,"(3.375,3.4]",3.375,3.4,0.025,tmp,0.0037506062402327964,0,0.004181710405776796,tmp_jja,jja
161,"(3.4,3.425]",3.4,3.425,0.025,tmp,0.0031470604084711967,0,0.0036967182195397964,tmp_avg,avg
314,"(3.4,3.425]",3.4,3.425,0.025,tmp,0.0031470604084711967,0,0.0036967182195397964,tmp_jja,jja
162,"(3.425,3.45]",3.425,3.45,0.025,tmp,0.0035673869698765962,0,0.0036104973864309964,tmp_avg,avg
315,"(3.425,3.45]",3.425,3.45,0.025,tmp,0.0035673869698765962,0,0.0036104973864309964,tmp_jja,jja
163,"(3.45,3.475]",3.45,3.475,0.025,tmp,0.0035566093657379964,0,0.0034380557202133965,tmp_avg,avg
316,"(3.45,3.475]",3.45,3.475,0.025,tmp,0.0035566093657379964,0,0.0034380557202133965,tmp_jja,jja
164,"(3.475,3.5]",3.475,3.5,0.025,tmp,0.0034488333243519968,0,0.003211726033302797,tmp_avg,avg
317,"(3.475,3.5]",3.475,3.5,0.025,tmp,0.0034488333243519968,0,0.003211726033302797,tmp_jja,jja
165,"(3.5,3.525]",3.5,3.525,0.025,tmp,0.002845287492590397,0,0.0032009484291641967,tmp_avg,avg
318,"(3.5,3.525]",3.5,3.525,0.025,tmp,0.002845287492590397,0,0.0032009484291641967,tmp_jja,jja
166,"(3.525,3.55]",3.525,3.55,0.025,tmp,0.003039284367085197,0,0.0029422859298377972,tmp_avg,avg
319,"(3.525,3.55]",3.525,3.55,0.025,tmp,0.003039284367085197,0,0.0029422859298377972,tmp_jja,jja
167,"(3.55,3.575]",3.55,3.575,0.025,tmp,0.003060839575362397,0,0.0028237322843131974,tmp_avg,avg
320,"(3.55,3.575]",3.55,3.575,0.025,tmp,0.003060839575362397,0,0.0028237322843131974,tmp_jja,jja
168,"(3.575,3.6]",3.575,3.6,0.025,tmp,0.002996173950530797,0,0.0028237322843131974,tmp_avg,avg
321,"(3.575,3.6]",3.575,3.6,0.025,tmp,0.002996173950530797,0,0.0028237322843131974,tmp_jja,jja
169,"(3.6,3.625]",3.6,3.625,0.025,tmp,0.002899175513283397,0,0.002920730721560597,tmp_avg,avg
322,"(3.6,3.625]",3.6,3.625,0.025,tmp,0.002899175513283397,0,0.002920730721560597,tmp_jja,jja
170,"(3.625,3.65]",3.625,3.65,0.025,tmp,0.002015411973918198,0,0.002931508325699197,tmp_avg,avg
323,"(3.625,3.65]",3.625,3.65,0.025,tmp,0.002015411973918198,0,0.002931508325699197,tmp_jja,jja
171,"(3.65,3.675]",3.65,3.675,0.025,tmp,0.0015304197876811986,0,0.002834509888451797,tmp_avg,avg
324,"(3.65,3.675]",3.65,3.675,0.025,tmp,0.0015304197876811986,0,0.002834509888451797,tmp_jja,jja
172,"(3.675,3.7]",3.675,3.7,0.025,tmp,0.0013040901007705986,0,0.0027159562429271973,tmp_avg,avg
325,"(3.675,3.7]",3.675,3.7,0.025,tmp,0.0013040901007705986,0,0.0027159562429271973,tmp_jja,jja
173,"(3.7,3.725]",3.7,3.725,0.025,tmp,0.0012178692676617989,0,0.002920730721560597,tmp_avg,avg
326,"(3.7,3.725]",3.7,3.725,0.025,tmp,0.0012178692676617989,0,0.002920730721560597,tmp_jja,jja
174,"(3.725,3.75]",3.725,3.75,0.025,tmp,0.001002317184889799,0,0.002726733847065797,tmp_avg,avg
327,"(3.725,3.75]",3.725,3.75,0.025,tmp,0.001002317184889799,0,0.002726733847065797,tmp_jja,jja
175,"(3.75,3.775]",3.75,3.775,0.025,tmp,9.26873955919599e-4,0,0.0024896265560165973,tmp_avg,avg
328,"(3.75,3.775]",3.75,3.775,0.025,tmp,9.26873955919599e-4,0,0.0024896265560165973,tmp_jja,jja
176,"(3.775,3.8]",3.775,3.8,0.025,tmp,9.69984372473999e-4,0,0.0027159562429271973,tmp_avg,avg
329,"(3.775,3.8]",3.775,3.8,0.025,tmp,9.69984372473999e-4,0,0.0027159562429271973,tmp_jja,jja
177,"(3.8,3.825]",3.8,3.825,0.025,tmp,6.897666648703993e-4,0,0.0023495177022147978,tmp_avg,avg
330,"(3.8,3.825]",3.8,3.825,0.025,tmp,6.897666648703993e-4,0,0.0023495177022147978,tmp_jja,jja
178,"(3.825,3.85]",3.825,3.85,0.025,tmp,7.544322897019992e-4,0,0.0026081802015411972,tmp_avg,avg
331,"(3.825,3.85]",3.825,3.85,0.025,tmp,7.544322897019992e-4,0,0.0026081802015411972,tmp_jja,jja
179,"(3.85,3.875]",3.85,3.875,0.025,tmp,6.251010400387994e-4,0,0.0024788489518779975,tmp_avg,avg
332,"(3.85,3.875]",3.85,3.875,0.025,tmp,6.251010400387994e-4,0,0.0024788489518779975,tmp_jja,jja
180,"(3.875,3.9]",3.875,3.9,0.025,tmp,8.190979145335992e-4,0,0.0022525192649673976,tmp_avg,avg
333,"(3.875,3.9]",3.875,3.9,0.025,tmp,8.190979145335992e-4,0,0.0022525192649673976,tmp_jja,jja
181,"(3.9,3.925]",3.9,3.925,0.025,tmp,6.251010400387994e-4,0,0.0022417416608287977,tmp_avg,avg
334,"(3.9,3.925]",3.9,3.925,0.025,tmp,6.251010400387994e-4,0,0.0022417416608287977,tmp_jja,jja
182,"(3.925,3.95]",3.925,3.95,0.025,tmp,7.220994772861993e-4,0,0.002284852077383198,tmp_avg,avg
335,"(3.925,3.95]",3.925,3.95,0.025,tmp,7.220994772861993e-4,0,0.002284852077383198,tmp_jja,jja
183,"(3.95,3.975]",3.95,3.975,0.025,tmp,6.466562483159994e-4,0,0.0021339656194427977,tmp_avg,avg
336,"(3.95,3.975]",3.95,3.975,0.025,tmp,6.466562483159994e-4,0,0.0021339656194427977,tmp_jja,jja
184,"(3.975,4]",3.975,4,0.025,tmp,6.358786441773993e-4,0,0.002263296869105998,tmp_avg,avg
337,"(3.975,4]",3.975,4,0.025,tmp,6.358786441773993e-4,0,0.002263296869105998,tmp_jja,jja
185,"(4,4.025]",4,4.025,0.025,tmp,6.789890607317993e-4,0,0.001983079161502398,tmp_avg,avg
338,"(4,4.025]",4,4.025,0.025,tmp,6.789890607317993e-4,0,0.001983079161502398,tmp_jja,jja
186,"(4.025,4.05]",4.025,4.05,0.025,tmp,6.251010400387994e-4,0,0.0018753031201163982,tmp_avg,avg
339,"(4.025,4.05]",4.025,4.05,0.025,tmp,6.251010400387994e-4,0,0.0018753031201163982,tmp_jja,jja
187,"(4.05,4.075]",4.05,4.075,0.025,tmp,4.4188176968259954e-4,0,0.0018214150994233982,tmp_avg,avg
340,"(4.05,4.075]",4.05,4.075,0.025,tmp,4.4188176968259954e-4,0,0.0018214150994233982,tmp_jja,jja
188,"(4.075,4.1]",4.075,4.1,0.025,tmp,6.251010400387994e-4,0,0.002069299994611198,tmp_avg,avg
341,"(4.075,4.1]",4.075,4.1,0.025,tmp,6.251010400387994e-4,0,0.002069299994611198,tmp_jja,jja
189,"(4.1,4.125]",4.1,4.125,0.025,tmp,5.819906234843994e-4,0,0.002112410411165598,tmp_avg,avg
342,"(4.1,4.125]",4.1,4.125,0.025,tmp,5.819906234843994e-4,0,0.002112410411165598,tmp_jja,jja
190,"(4.125,4.15]",4.125,4.15,0.025,tmp,6.251010400387994e-4,0,0.0019184135366707982,tmp_avg,avg
343,"(4.125,4.15]",4.125,4.15,0.025,tmp,6.251010400387994e-4,0,0.0019184135366707982,tmp_jja,jja
191,"(4.15,4.175]",4.15,4.175,0.025,tmp,5.927682276229994e-4,0,0.0017567494745917983,tmp_avg,avg
344,"(4.15,4.175]",4.15,4.175,0.025,tmp,5.927682276229994e-4,0,0.0017567494745917983,tmp_jja,jja
192,"(4.175,4.2]",4.175,4.2,0.025,tmp,5.388802069299994e-4,0,0.002015411973918198,tmp_avg,avg
345,"(4.175,4.2]",4.175,4.2,0.025,tmp,5.388802069299994e-4,0,0.002015411973918198,tmp_jja,jja
193,"(4.2,4.225]",4.2,4.225,0.025,tmp,5.065473945141995e-4,0,0.0019076359325321981,tmp_avg,avg
346,"(4.2,4.225]",4.2,4.225,0.025,tmp,5.065473945141995e-4,0,0.0019076359325321981,tmp_jja,jja
194,"(4.225,4.25]",4.225,4.25,0.025,tmp,6.035458317615994e-4,0,0.0018753031201163982,tmp_avg,avg
347,"(4.225,4.25]",4.225,4.25,0.025,tmp,6.035458317615994e-4,0,0.0018753031201163982,tmp_jja,jja
195,"(4.25,4.275]",4.25,4.275,0.025,tmp,4.849921862369995e-4,0,0.001896858328393598,tmp_avg,avg
348,"(4.25,4.275]",4.25,4.275,0.025,tmp,4.849921862369995e-4,0,0.001896858328393598,tmp_jja,jja
196,"(4.275,4.3]",4.275,4.3,0.025,tmp,5.496578110685995e-4,0,0.001896858328393598,tmp_avg,avg
349,"(4.275,4.3]",4.275,4.3,0.025,tmp,5.496578110685995e-4,0,0.001896858328393598,tmp_jja,jja
197,"(4.3,4.325]",4.3,4.325,0.025,tmp,5.604354152071994e-4,0,0.0016274182249285984,tmp_avg,avg
350,"(4.3,4.325]",4.3,4.325,0.025,tmp,5.604354152071994e-4,0,0.0016274182249285984,tmp_jja,jja
198,"(4.325,4.35]",4.325,4.35,0.025,tmp,4.742145820983995e-4,0,0.0016920838497601982,tmp_avg,avg
351,"(4.325,4.35]",4.325,4.35,0.025,tmp,4.742145820983995e-4,0,0.0016920838497601982,tmp_jja,jja
199,"(4.35,4.375]",4.35,4.375,0.025,tmp,3.233281241579997e-4,0,0.0018214150994233982,tmp_avg,avg
352,"(4.35,4.375]",4.35,4.375,0.025,tmp,3.233281241579997e-4,0,0.0018214150994233982,tmp_jja,jja
200,"(4.375,4.4]",4.375,4.4,0.025,tmp,4.4188176968259954e-4,0,0.001886080724254998,tmp_avg,avg
353,"(4.375,4.4]",4.375,4.4,0.025,tmp,4.4188176968259954e-4,0,0.001886080724254998,tmp_jja,jja
201,"(4.4,4.425]",4.4,4.425,0.025,tmp,2.802177076035997e-4,0,0.001842970307700598,tmp_avg,avg
354,"(4.4,4.425]",4.4,4.425,0.025,tmp,2.802177076035997e-4,0,0.001842970307700598,tmp_jja,jja
202,"(4.425,4.45]",4.425,4.45,0.025,tmp,3.987713531281996e-4,0,0.0018321927035619982,tmp_avg,avg
355,"(4.425,4.45]",4.425,4.45,0.025,tmp,3.987713531281996e-4,0,0.0018321927035619982,tmp_jja,jja
203,"(4.45,4.475]",4.45,4.475,0.025,tmp,3.125505200193997e-4,0,0.0014657541628495985,tmp_avg,avg
356,"(4.45,4.475]",4.45,4.475,0.025,tmp,3.125505200193997e-4,0,0.0014657541628495985,tmp_jja,jja
204,"(4.475,4.5]",4.475,4.5,0.025,tmp,2.155520827719998e-4,0,0.0018321927035619982,tmp_avg,avg
357,"(4.475,4.5]",4.475,4.5,0.025,tmp,2.155520827719998e-4,0,0.0018321927035619982,tmp_jja,jja
205,"(4.5,4.525]",4.5,4.525,0.025,tmp,2.802177076035997e-4,0,0.0018753031201163982,tmp_avg,avg
358,"(4.5,4.525]",4.5,4.525,0.025,tmp,2.802177076035997e-4,0,0.0018753031201163982,tmp_jja,jja
206,"(4.525,4.55]",4.525,4.55,0.025,tmp,2.3710729104919976e-4,0,0.0018106374952847981,tmp_avg,avg
359,"(4.525,4.55]",4.525,4.55,0.025,tmp,2.3710729104919976e-4,0,0.0018106374952847981,tmp_jja,jja
207,"(4.55,4.575]",4.55,4.575,0.025,tmp,2.4788489518779973e-4,0,0.0016058630166513985,tmp_avg,avg
360,"(4.55,4.575]",4.55,4.575,0.025,tmp,2.4788489518779973e-4,0,0.0016058630166513985,tmp_jja,jja
208,"(4.575,4.6]",4.575,4.6,0.025,tmp,1.7244166621759982e-4,0,0.0016705286414829983,tmp_avg,avg
361,"(4.575,4.6]",4.575,4.6,0.025,tmp,1.7244166621759982e-4,0,0.0016705286414829983,tmp_jja,jja
209,"(4.6,4.625]",4.6,4.625,0.025,tmp,1.2933124966319986e-4,0,0.0014873093711267986,tmp_avg,avg
362,"(4.6,4.625]",4.6,4.625,0.025,tmp,1.2933124966319986e-4,0,0.0014873093711267986,tmp_jja,jja
210,"(4.625,4.65]",4.625,4.65,0.025,tmp,1.7244166621759982e-4,0,0.0016058630166513985,tmp_avg,avg
363,"(4.625,4.65]",4.625,4.65,0.025,tmp,1.7244166621759982e-4,0,0.0016058630166513985,tmp_jja,jja
211,"(4.65,4.675]",4.65,4.675,0.025,tmp,1.4010885380179986e-4,0,0.0016489734332057982,tmp_avg,avg
364,"(4.65,4.675]",4.65,4.675,0.025,tmp,1.4010885380179986e-4,0,0.0016489734332057982,tmp_jja,jja
212,"(4.675,4.7]",4.675,4.7,0.025,tmp,1.832192703561998e-4,0,0.001853747911839198,tmp_avg,avg
365,"(4.675,4.7]",4.675,4.7,0.025,tmp,1.832192703561998e-4,0,0.001853747911839198,tmp_jja,jja
213,"(4.7,4.725]",4.7,4.725,0.025,tmp,1.7244166621759982e-4,0,0.0017459718704531983,tmp_avg,avg
366,"(4.7,4.725]",4.7,4.725,0.025,tmp,1.7244166621759982e-4,0,0.0017459718704531983,tmp_jja,jja
214,"(4.725,4.75]",4.725,4.75,0.025,tmp,1.2933124966319986e-4,0,0.0015843078083741984,tmp_avg,avg
367,"(4.725,4.75]",4.725,4.75,0.025,tmp,1.2933124966319986e-4,0,0.0015843078083741984,tmp_jja,jja
215,"(4.75,4.775]",4.75,4.775,0.025,tmp,1.5088645794039985e-4,0,0.0017351942663145982,tmp_avg,avg
368,"(4.75,4.775]",4.75,4.775,0.025,tmp,1.5088645794039985e-4,0,0.0017351942663145982,tmp_jja,jja
216,"(4.775,4.8]",4.775,4.8,0.025,tmp,9.69984372473999e-5,0,0.0019507463490865981,tmp_avg,avg
369,"(4.775,4.8]",4.775,4.8,0.025,tmp,9.69984372473999e-5,0,0.0019507463490865981,tmp_jja,jja
217,"(4.8,4.825]",4.8,4.825,0.025,tmp,4.3110416554399954e-5,0,0.0018645255159777982,tmp_avg,avg
370,"(4.8,4.825]",4.8,4.825,0.025,tmp,4.3110416554399954e-5,0,0.0018645255159777982,tmp_jja,jja
218,"(4.825,4.85]",4.825,4.85,0.025,tmp,3.2332812415799966e-5,0,0.0015627526000969985,tmp_avg,avg
371,"(4.825,4.85]",4.825,4.85,0.025,tmp,3.2332812415799966e-5,0,0.0015627526000969985,tmp_jja,jja
219,"(4.85,4.875]",4.85,4.875,0.025,tmp,5.388802069299995e-5,0,0.0017351942663145982,tmp_avg,avg
372,"(4.85,4.875]",4.85,4.875,0.025,tmp,5.388802069299995e-5,0,0.0017351942663145982,tmp_jja,jja
220,"(4.875,4.9]",4.875,4.9,0.025,tmp,4.3110416554399954e-5,0,0.0017244166621759984,tmp_avg,avg
373,"(4.875,4.9]",4.875,4.9,0.025,tmp,4.3110416554399954e-5,0,0.0017244166621759984,tmp_jja,jja
221,"(4.9,4.925]",4.9,4.925,0.025,tmp,6.466562483159993e-5,0,0.0016274182249285984,tmp_avg,avg
374,"(4.9,4.925]",4.9,4.925,0.025,tmp,6.466562483159993e-5,0,0.0016274182249285984,tmp_jja,jja
222,"(4.925,4.95]",4.925,4.95,0.025,tmp,4.3110416554399954e-5,0,0.0014226437462951985,tmp_avg,avg
375,"(4.925,4.95]",4.925,4.95,0.025,tmp,4.3110416554399954e-5,0,0.0014226437462951985,tmp_jja,jja
223,"(4.95,4.975]",4.95,4.975,0.025,tmp,4.3110416554399954e-5,0,0.0012933124966319988,tmp_avg,avg
376,"(4.95,4.975]",4.95,4.975,0.025,tmp,4.3110416554399954e-5,0,0.0012933124966319988,tmp_jja,jja
224,"(4.975,5]",4.975,5,0.025,tmp,2.1555208277199977e-5,0,0.0013795333297407985,tmp_avg,avg
377,"(4.975,5]",4.975,5,0.025,tmp,2.1555208277199977e-5,0,0.0013795333297407985,tmp_jja,jja
225,"(5,5.025]",5,5.025,0.025,tmp,3.2332812415799966e-5,0,0.0011747588511073989,tmp_avg,avg
378,"(5,5.025]",5,5.025,0.025,tmp,3.2332812415799966e-5,0,0.0011747588511073989,tmp_jja,jja
226,"(5.025,5.05]",5.025,5.05,0.025,tmp,1.0777604138599989e-5,0,0.0012070916635231988,tmp_avg,avg
379,"(5.025,5.05]",5.025,5.05,0.025,tmp,1.0777604138599989e-5,0,0.0012070916635231988,tmp_jja,jja
227,"(5.05,5.075]",5.05,5.075,0.025,tmp,2.1555208277199977e-5,0,0.0011532036428301988,tmp_avg,avg
380,"(5.05,5.075]",5.05,5.075,0.025,tmp,2.1555208277199977e-5,0,0.0011532036428301988,tmp_jja,jja
228,"(5.075,5.1]",5.075,5.1,0.025,tmp,1.0777604138599989e-5,0,0.0011963140593845988,tmp_avg,avg
381,"(5.075,5.1]",5.075,5.1,0.025,tmp,1.0777604138599989e-5,0,0.0011963140593845988,tmp_jja,jja
382,"(5.1,5.125]",5.1,5.125,0.025,tmp,0,0,0.0013472005173249986,tmp_jja,jja
383,"(5.125,5.15]",5.125,5.15,0.025,tmp,0,0,0.0013687557256021987,tmp_jja,jja
384,"(5.15,5.175]",5.15,5.175,0.025,tmp,0,0,0.0013472005173249986,tmp_jja,jja
385,"(5.175,5.2]",5.175,5.2,0.025,tmp,0,0,0.0012502020800775988,tmp_jja,jja
386,"(5.2,5.225]",5.2,5.225,0.025,tmp,0,0,0.0010777604138599989,tmp_jja,jja
387,"(5.225,5.25]",5.225,5.25,0.025,tmp,0,0,0.0012717572883547987,tmp_jja,jja
388,"(5.25,5.275]",5.25,5.275,0.025,tmp,0,0,0.0012070916635231988,tmp_jja,jja
389,"(5.275,5.3]",5.275,5.3,0.025,tmp,0,0,0.001034649997305599,tmp_jja,jja
390,"(5.3,5.325]",5.3,5.325,0.025,tmp,0,0,0.0011532036428301988,tmp_jja,jja
391,"(5.325,5.35]",5.325,5.35,0.025,tmp,0,0,0.0012286468718003987,tmp_jja,jja
392,"(5.35,5.375]",5.35,5.375,0.025,tmp,0,0,9.26873955919599e-4,tmp_jja,jja
393,"(5.375,5.4]",5.375,5.4,0.025,tmp,0,0,0.001088538017998599,tmp_jja,jja
394,"(5.4,5.425]",5.4,5.425,0.025,tmp,0,0,0.001142426038691599,tmp_jja,jja
395,"(5.425,5.45]",5.425,5.45,0.025,tmp,0,0,0.0010777604138599989,tmp_jja,jja
396,"(5.45,5.475]",5.45,5.475,0.025,tmp,0,0,0.0012178692676617989,tmp_jja,jja
397,"(5.475,5.5]",5.475,5.5,0.025,tmp,0,0,0.001045427601444199,tmp_jja,jja
398,"(5.5,5.525]",5.5,5.525,0.025,tmp,0,0,0.0011639812469687988,tmp_jja,jja
399,"(5.525,5.55]",5.525,5.55,0.025,tmp,0,0,0.0011100932262757988,tmp_jja,jja
400,"(5.55,5.575]",5.55,5.575,0.025,tmp,0,0,9.160963517809991e-4,tmp_jja,jja
401,"(5.575,5.6]",5.575,5.6,0.025,tmp,0,0,9.592067683353991e-4,tmp_jja,jja
402,"(5.6,5.625]",5.6,5.625,0.025,tmp,0,0,9.91539580751199e-4,tmp_jja,jja
403,"(5.625,5.65]",5.625,5.65,0.025,tmp,0,0,8.622083310879992e-4,tmp_jja,jja
404,"(5.65,5.675]",5.65,5.675,0.025,tmp,0,0,8.945411435037991e-4,tmp_jja,jja
405,"(5.675,5.7]",5.675,5.7,0.025,tmp,0,0,8.622083310879992e-4,tmp_jja,jja
406,"(5.7,5.725]",5.7,5.725,0.025,tmp,0,0,8.190979145335992e-4,tmp_jja,jja
407,"(5.725,5.75]",5.725,5.75,0.025,tmp,0,0,9.48429164196799e-4,tmp_jja,jja
408,"(5.75,5.775]",5.75,5.775,0.025,tmp,0,0,8.190979145335992e-4,tmp_jja,jja
409,"(5.775,5.8]",5.775,5.8,0.025,tmp,0,0,9.592067683353991e-4,tmp_jja,jja
410,"(5.8,5.825]",5.8,5.825,0.025,tmp,0,0,7.867651021177992e-4,tmp_jja,jja
411,"(5.825,5.85]",5.825,5.85,0.025,tmp,0,0,7.005442690089993e-4,tmp_jja,jja
412,"(5.85,5.875]",5.85,5.875,0.025,tmp,0,0,9.592067683353991e-4,tmp_jja,jja
413,"(5.875,5.9]",5.875,5.9,0.025,tmp,0,0,8.190979145335992e-4,tmp_jja,jja
414,"(5.9,5.925]",5.9,5.925,0.025,tmp,0,0,7.544322897019992e-4,tmp_jja,jja
415,"(5.925,5.95]",5.925,5.95,0.025,tmp,0,0,0.001013094789028399,tmp_jja,jja
416,"(5.95,5.975]",5.95,5.975,0.025,tmp,0,0,9.592067683353991e-4,tmp_jja,jja
417,"(5.975,6]",5.975,6,0.025,tmp,0,0,9.053187476423991e-4,tmp_jja,jja
418,"(6,6.025]",6,6.025,0.025,tmp,0,0,7.436546855633993e-4,tmp_jja,jja
419,"(6.025,6.05]",6.025,6.05,0.025,tmp,0,0,7.544322897019992e-4,tmp_jja,jja
420,"(6.05,6.075]",6.05,6.075,0.025,tmp,0,0,9.26873955919599e-4,tmp_jja,jja
421,"(6.075,6.1]",6.075,6.1,0.025,tmp,0,0,7.652098938405993e-4,tmp_jja,jja
422,"(6.1,6.125]",6.1,6.125,0.025,tmp,0,0,8.298755186721991e-4,tmp_jja,jja
423,"(6.125,6.15]",6.125,6.15,0.025,tmp,0,0,6.358786441773993e-4,tmp_jja,jja
424,"(6.15,6.175]",6.15,6.175,0.025,tmp,0,0,8.190979145335992e-4,tmp_jja,jja
425,"(6.175,6.2]",6.175,6.2,0.025,tmp,0,0,9.80761976612599e-4,tmp_jja,jja
426,"(6.2,6.225]",6.2,6.225,0.025,tmp,0,0,6.789890607317993e-4,tmp_jja,jja
427,"(6.225,6.25]",6.225,6.25,0.025,tmp,0,0,9.48429164196799e-4,tmp_jja,jja
428,"(6.25,6.275]",6.25,6.275,0.025,tmp,0,0,7.759874979791992e-4,tmp_jja,jja
429,"(6.275,6.3]",6.275,6.3,0.025,tmp,0,0,7.759874979791992e-4,tmp_jja,jja
430,"(6.3,6.325]",6.3,6.325,0.025,tmp,0,0,8.298755186721991e-4,tmp_jja,jja
431,"(6.325,6.35]",6.325,6.35,0.025,tmp,0,0,7.759874979791992e-4,tmp_jja,jja
432,"(6.35,6.375]",6.35,6.375,0.025,tmp,0,0,5.927682276229994e-4,tmp_jja,jja
433,"(6.375,6.4]",6.375,6.4,0.025,tmp,0,0,7.867651021177992e-4,tmp_jja,jja
434,"(6.4,6.425]",6.4,6.425,0.025,tmp,0,0,6.897666648703993e-4,tmp_jja,jja
435,"(6.425,6.45]",6.425,6.45,0.025,tmp,0,0,6.789890607317993e-4,tmp_jja,jja
436,"(6.45,6.475]",6.45,6.475,0.025,tmp,0,0,7.113218731475993e-4,tmp_jja,jja
437,"(6.475,6.5]",6.475,6.5,0.025,tmp,0,0,9.48429164196799e-4,tmp_jja,jja
438,"(6.5,6.525]",6.5,6.525,0.025,tmp,0,0,7.975427062563992e-4,tmp_jja,jja
439,"(6.525,6.55]",6.525,6.55,0.025,tmp,0,0,7.328770814247992e-4,tmp_jja,jja
440,"(6.55,6.575]",6.55,6.575,0.025,tmp,0,0,9.376515600581991e-4,tmp_jja,jja
441,"(6.575,6.6]",6.575,6.6,0.025,tmp,0,0,9.592067683353991e-4,tmp_jja,jja
442,"(6.6,6.625]",6.6,6.625,0.025,tmp,0,0,9.26873955919599e-4,tmp_jja,jja
443,"(6.625,6.65]",6.625,6.65,0.025,tmp,0,0,7.436546855633993e-4,tmp_jja,jja
444,"(6.65,6.675]",6.65,6.675,0.025,tmp,0,0,8.083203103949992e-4,tmp_jja,jja
445,"(6.675,6.7]",6.675,6.7,0.025,tmp,0,0,7.867651021177992e-4,tmp_jja,jja
446,"(6.7,6.725]",6.7,6.725,0.025,tmp,0,0,7.975427062563992e-4,tmp_jja,jja
447,"(6.725,6.75]",6.725,6.75,0.025,tmp,0,0,7.220994772861993e-4,tmp_jja,jja
448,"(6.75,6.775]",6.75,6.775,0.025,tmp,0,0,6.897666648703993e-4,tmp_jja,jja
449,"(6.775,6.8]",6.775,6.8,0.025,tmp,0,0,8.083203103949992e-4,tmp_jja,jja
450,"(6.8,6.825]",6.8,6.825,0.025,tmp,0,0,7.544322897019992e-4,tmp_jja,jja
451,"(6.825,6.85]",6.825,6.85,0.025,tmp,0,0,7.975427062563992e-4,tmp_jja,jja
452,"(6.85,6.875]",6.85,6.875,0.025,tmp,0,0,6.358786441773993e-4,tmp_jja,jja
453,"(6.875,6.9]",6.875,6.9,0.025,tmp,0,0,4.203265614053996e-4,tmp_jja,jja
454,"(6.9,6.925]",6.9,6.925,0.025,tmp,0,0,6.466562483159994e-4,tmp_jja,jja
455,"(6.925,6.95]",6.925,6.95,0.025,tmp,0,0,7.005442690089993e-4,tmp_jja,jja
456,"(6.95,6.975]",6.95,6.975,0.025,tmp,0,0,5.496578110685995e-4,tmp_jja,jja
457,"(6.975,7]",6.975,7,0.025,tmp,0,0,5.712130193457995e-4,tmp_jja,jja
458,"(7,7.025]",7,7.025,0.025,tmp,0,0,6.574338524545993e-4,tmp_jja,jja
459,"(7.025,7.05]",7.025,7.05,0.025,tmp,0,0,4.634369779597995e-4,tmp_jja,jja
460,"(7.05,7.075]",7.05,7.075,0.025,tmp,0,0,6.143234359001994e-4,tmp_jja,jja
461,"(7.075,7.1]",7.075,7.1,0.025,tmp,0,0,4.5265937382119953e-4,tmp_jja,jja
462,"(7.1,7.125]",7.1,7.125,0.025,tmp,0,0,3.772161448509996e-4,tmp_jja,jja
463,"(7.125,7.15]",7.125,7.15,0.025,tmp,0,0,6.358786441773993e-4,tmp_jja,jja
464,"(7.15,7.175]",7.15,7.175,0.025,tmp,0,0,3.879937489895996e-4,tmp_jja,jja
465,"(7.175,7.2]",7.175,7.2,0.025,tmp,0,0,3.017729158807997e-4,tmp_jja,jja
466,"(7.2,7.225]",7.2,7.225,0.025,tmp,0,0,4.957697903755995e-4,tmp_jja,jja
467,"(7.225,7.25]",7.225,7.25,0.025,tmp,0,0,4.311041655439996e-4,tmp_jja,jja
468,"(7.25,7.275]",7.25,7.275,0.025,tmp,0,0,3.987713531281996e-4,tmp_jja,jja
469,"(7.275,7.3]",7.275,7.3,0.025,tmp,0,0,2.694401034649997e-4,tmp_jja,jja
470,"(7.3,7.325]",7.3,7.325,0.025,tmp,0,0,2.694401034649997e-4,tmp_jja,jja
471,"(7.325,7.35]",7.325,7.35,0.025,tmp,0,0,4.095489572667996e-4,tmp_jja,jja
472,"(7.35,7.375]",7.35,7.375,0.025,tmp,0,0,3.125505200193997e-4,tmp_jja,jja
473,"(7.375,7.4]",7.375,7.4,0.025,tmp,0,0,3.341057282965997e-4,tmp_jja,jja
474,"(7.4,7.425]",7.4,7.425,0.025,tmp,0,0,3.4488333243519963e-4,tmp_jja,jja
475,"(7.425,7.45]",7.425,7.45,0.025,tmp,0,0,2.694401034649997e-4,tmp_jja,jja
476,"(7.45,7.475]",7.45,7.475,0.025,tmp,0,0,3.987713531281996e-4,tmp_jja,jja
477,"(7.475,7.5]",7.475,7.5,0.025,tmp,0,0,4.742145820983995e-4,tmp_jja,jja
478,"(7.5,7.525]",7.5,7.525,0.025,tmp,0,0,3.5566093657379963e-4,tmp_jja,jja
479,"(7.525,7.55]",7.525,7.55,0.025,tmp,0,0,3.4488333243519963e-4,tmp_jja,jja
480,"(7.55,7.575]",7.55,7.575,0.025,tmp,0,0,2.155520827719998e-4,tmp_jja,jja
481,"(7.575,7.6]",7.575,7.6,0.025,tmp,0,0,3.772161448509996e-4,tmp_jja,jja
482,"(7.6,7.625]",7.6,7.625,0.025,tmp,0,0,2.4788489518779973e-4,tmp_jja,jja
483,"(7.625,7.65]",7.625,7.65,0.025,tmp,0,0,3.017729158807997e-4,tmp_jja,jja
484,"(7.65,7.675]",7.65,7.675,0.025,tmp,0,0,2.586624993263997e-4,tmp_jja,jja
485,"(7.675,7.7]",7.675,7.7,0.025,tmp,0,0,2.586624993263997e-4,tmp_jja,jja
486,"(7.7,7.725]",7.7,7.725,0.025,tmp,0,0,2.4788489518779973e-4,tmp_jja,jja
487,"(7.725,7.75]",7.725,7.75,0.025,tmp,0,0,3.233281241579997e-4,tmp_jja,jja
488,"(7.75,7.775]",7.75,7.775,0.025,tmp,0,0,1.939968744947998e-4,tmp_jja,jja
489,"(7.775,7.8]",7.775,7.8,0.025,tmp,0,0,2.909953117421997e-4,tmp_jja,jja
490,"(7.8,7.825]",7.8,7.825,0.025,tmp,0,0,2.586624993263997e-4,tmp_jja,jja
491,"(7.825,7.85]",7.825,7.85,0.025,tmp,0,0,2.047744786333998e-4,tmp_jja,jja
492,"(7.85,7.875]",7.85,7.875,0.025,tmp,0,0,1.832192703561998e-4,tmp_jja,jja
493,"(7.875,7.9]",7.875,7.9,0.025,tmp,0,0,2.3710729104919976e-4,tmp_jja,jja
494,"(7.9,7.925]",7.9,7.925,0.025,tmp,0,0,2.4788489518779973e-4,tmp_jja,jja
495,"(7.925,7.95]",7.925,7.95,0.025,tmp,0,0,2.047744786333998e-4,tmp_jja,jja
496,"(7.95,7.975]",7.95,7.975,0.025,tmp,0,0,2.2632968691059977e-4,tmp_jja,jja
497,"(7.975,8]",7.975,8,0.025,tmp,0,0,2.3710729104919976e-4,tmp_jja,jja
498,"(8,8.025]",8,8.025,0.025,tmp,0,0,1.832192703561998e-4,tmp_jja,jja
499,"(8.025,8.05]",8.025,8.05,0.025,tmp,0,0,1.4010885380179986e-4,tmp_jja,jja
500,"(8.05,8.075]",8.05,8.075,0.025,tmp,0,0,2.155520827719998e-4,tmp_jja,jja
501,"(8.075,8.1]",8.075,8.1,0.025,tmp,0,0,2.2632968691059977e-4,tmp_jja,jja
502,"(8.1,8.125]",8.1,8.125,0.025,tmp,0,0,1.832192703561998e-4,tmp_jja,jja
503,"(8.125,8.15]",8.125,8.15,0.025,tmp,0,0,1.832192703561998e-4,tmp_jja,jja
504,"(8.15,8.175]",8.15,8.175,0.025,tmp,0,0,1.5088645794039985e-4,tmp_jja,jja
505,"(8.175,8.2]",8.175,8.2,0.025,tmp,0,0,1.6166406207899985e-4,tmp_jja,jja
506,"(8.2,8.225]",8.2,8.225,0.025,tmp,0,0,1.1855364552459988e-4,tmp_jja,jja
507,"(8.225,8.25]",8.225,8.25,0.025,tmp,0,0,1.077760413859999e-4,tmp_jja,jja
508,"(8.25,8.275]",8.25,8.275,0.025,tmp,0,0,1.1855364552459988e-4,tmp_jja,jja
509,"(8.275,8.3]",8.275,8.3,0.025,tmp,0,0,1.6166406207899985e-4,tmp_jja,jja
510,"(8.3,8.325]",8.3,8.325,0.025,tmp,0,0,1.7244166621759982e-4,tmp_jja,jja
511,"(8.325,8.35]",8.325,8.35,0.025,tmp,0,0,1.7244166621759982e-4,tmp_jja,jja
512,"(8.35,8.375]",8.35,8.375,0.025,tmp,0,0,6.466562483159993e-5,tmp_jja,jja
513,"(8.375,8.4]",8.375,8.4,0.025,tmp,0,0,1.1855364552459988e-4,tmp_jja,jja
514,"(8.4,8.425]",8.4,8.425,0.025,tmp,0,0,1.6166406207899985e-4,tmp_jja,jja
515,"(8.425,8.45]",8.425,8.45,0.025,tmp,0,0,1.5088645794039985e-4,tmp_jja,jja
516,"(8.45,8.475]",8.45,8.475,0.025,tmp,0,0,9.69984372473999e-5,tmp_jja,jja
517,"(8.475,8.5]",8.475,8.5,0.025,tmp,0,0,1.5088645794039985e-4,tmp_jja,jja
518,"(8.5,8.525]",8.5,8.525,0.025,tmp,0,0,1.6166406207899985e-4,tmp_jja,jja
519,"(8.525,8.55]",8.525,8.55,0.025,tmp,0,0,1.077760413859999e-4,tmp_jja,jja
520,"(8.55,8.575]",8.55,8.575,0.025,tmp,0,0,1.5088645794039985e-4,tmp_jja,jja
521,"(8.575,8.6]",8.575,8.6,0.025,tmp,0,0,9.69984372473999e-5,tmp_jja,jja
522,"(8.6,8.625]",8.6,8.625,0.025,tmp,0,0,1.077760413859999e-4,tmp_jja,jja
523,"(8.625,8.65]",8.625,8.65,0.025,tmp,0,0,1.5088645794039985e-4,tmp_jja,jja
524,"(8.65,8.675]",8.65,8.675,0.025,tmp,0,0,1.4010885380179986e-4,tmp_jja,jja
525,"(8.675,8.7]",8.675,8.7,0.025,tmp,0,0,1.5088645794039985e-4,tmp_jja,jja
526,"(8.7,8.725]",8.7,8.725,0.025,tmp,0,0,2.047744786333998e-4,tmp_jja,jja
527,"(8.725,8.75]",8.725,8.75,0.025,tmp,0,0,1.6166406207899985e-4,tmp_jja,jja
528,"(8.75,8.775]",8.75,8.775,0.025,tmp,0,0,1.6166406207899985e-4,tmp_jja,jja
529,"(8.775,8.8]",8.775,8.8,0.025,tmp,0,0,1.5088645794039985e-4,tmp_jja,jja
530,"(8.8,8.825]",8.8,8.825,0.025,tmp,0,0,1.2933124966319986e-4,tmp_jja,jja
531,"(8.825,8.85]",8.825,8.85,0.025,tmp,0,0,1.2933124966319986e-4,tmp_jja,jja
532,"(8.85,8.875]",8.85,8.875,0.025,tmp,0,0,1.4010885380179986e-4,tmp_jja,jja
533,"(8.875,8.9]",8.875,8.9,0.025,tmp,0,0,1.5088645794039985e-4,tmp_jja,jja
534,"(8.9,8.925]",8.9,8.925,0.025,tmp,0,0,1.6166406207899985e-4,tmp_jja,jja
535,"(8.925,8.95]",8.925,8.95,0.025,tmp,0,0,1.2933124966319986e-4,tmp_jja,jja
536,"(8.95,8.975]",8.95,8.975,0.025,tmp,0,0,1.7244166621759982e-4,tmp_jja,jja
537,"(8.975,9]",8.975,9,0.025,tmp,0,0,1.1855364552459988e-4,tmp_jja,jja
538,"(9,9.025]",9,9.025,0.025,tmp,0,0,2.047744786333998e-4,tmp_jja,jja
539,"(9.025,9.05]",9.025,9.05,0.025,tmp,0,0,1.2933124966319986e-4,tmp_jja,jja
540,"(9.05,9.075]",9.05,9.075,0.025,tmp,0,0,1.4010885380179986e-4,tmp_jja,jja
541,"(9.075,9.1]",9.075,9.1,0.025,tmp,0,0,1.077760413859999e-4,tmp_jja,jja
542,"(9.1,9.125]",9.1,9.125,0.025,tmp,0,0,1.1855364552459988e-4,tmp_jja,jja
543,"(9.125,9.15]",9.125,9.15,0.025,tmp,0,0,1.7244166621759982e-4,tmp_jja,jja
544,"(9.15,9.175]",9.15,9.175,0.025,tmp,0,0,1.2933124966319986e-4,tmp_jja,jja
545,"(9.175,9.2]",9.175,9.2,0.025,tmp,0,0,1.6166406207899985e-4,tmp_jja,jja
546,"(9.2,9.225]",9.2,9.225,0.025,tmp,0,0,1.1855364552459988e-4,tmp_jja,jja
547,"(9.225,9.25]",9.225,9.25,0.025,tmp,0,0,1.077760413859999e-4,tmp_jja,jja
548,"(9.25,9.275]",9.25,9.275,0.025,tmp,0,0,1.5088645794039985e-4,tmp_jja,jja
549,"(9.275,9.3]",9.275,9.3,0.025,tmp,0,0,1.2933124966319986e-4,tmp_jja,jja
550,"(9.3,9.325]",9.3,9.325,0.025,tmp,0,0,1.077760413859999e-4,tmp_jja,jja
551,"(9.325,9.35]",9.325,9.35,0.025,tmp,0,0,9.69984372473999e-5,tmp_jja,jja
552,"(9.35,9.375]",9.35,9.375,0.025,tmp,0,0,1.4010885380179986e-4,tmp_jja,jja
553,"(9.375,9.4]",9.375,9.4,0.025,tmp,0,0,8.622083310879991e-5,tmp_jja,jja
554,"(9.4,9.425]",9.4,9.425,0.025,tmp,0,0,9.69984372473999e-5,tmp_jja,jja
555,"(9.425,9.45]",9.425,9.45,0.025,tmp,0,0,1.5088645794039985e-4,tmp_jja,jja
556,"(9.45,9.475]",9.45,9.475,0.025,tmp,0,0,7.544322897019993e-5,tmp_jja,jja
557,"(9.475,9.5]",9.475,9.5,0.025,tmp,0,0,8.622083310879991e-5,tmp_jja,jja
558,"(9.5,9.525]",9.5,9.525,0.025,tmp,0,0,7.544322897019993e-5,tmp_jja,jja
559,"(9.525,9.55]",9.525,9.55,0.025,tmp,0,0,1.4010885380179986e-4,tmp_jja,jja
560,"(9.55,9.575]",9.55,9.575,0.025,tmp,0,0,1.1855364552459988e-4,tmp_jja,jja
561,"(9.575,9.6]",9.575,9.6,0.025,tmp,0,0,1.2933124966319986e-4,tmp_jja,jja
562,"(9.6,9.625]",9.6,9.625,0.025,tmp,0,0,9.69984372473999e-5,tmp_jja,jja
563,"(9.625,9.65]",9.625,9.65,0.025,tmp,0,0,1.077760413859999e-4,tmp_jja,jja
564,"(9.65,9.675]",9.65,9.675,0.025,tmp,0,0,1.4010885380179986e-4,tmp_jja,jja
565,"(9.675,9.7]",9.675,9.7,0.025,tmp,0,0,1.939968744947998e-4,tmp_jja,jja
566,"(9.7,9.725]",9.7,9.725,0.025,tmp,0,0,5.388802069299995e-5,tmp_jja,jja
567,"(9.725,9.75]",9.725,9.75,0.025,tmp,0,0,1.6166406207899985e-4,tmp_jja,jja
568,"(9.75,9.775]",9.75,9.775,0.025,tmp,0,0,1.7244166621759982e-4,tmp_jja,jja
569,"(9.775,9.8]",9.775,9.8,0.025,tmp,0,0,1.7244166621759982e-4,tmp_jja,jja
570,"(9.8,9.825]",9.8,9.825,0.025,tmp,0,0,9.69984372473999e-5,tmp_jja,jja
571,"(9.825,9.85]",9.825,9.85,0.025,tmp,0,0,9.69984372473999e-5,tmp_jja,jja
572,"(9.85,9.875]",9.85,9.875,0.025,tmp,0,0,9.69984372473999e-5,tmp_jja,jja
573,"(9.875,9.9]",9.875,9.9,0.025,tmp,0,0,6.466562483159993e-5,tmp_jja,jja
574,"(9.9,9.925]",9.9,9.925,0.025,tmp,0,0,1.4010885380179986e-4,tmp_jja,jja
575,"(9.925,9.95]",9.925,9.95,0.025,tmp,0,0,8.622083310879991e-5,tmp_jja,jja
576,"(9.95,9.975]",9.95,9.975,0.025,tmp,0,0,8.622083310879991e-5,tmp_jja,jja
577,"(9.975,10]",9.975,10,0.025,tmp,0,0,1.2933124966319986e-4,tmp_jja,jja
578,"(10,10.03]",10,10.03,0.025,tmp,0,0,1.2933124966319986e-4,tmp_jja,jja
579,"(10.03,10.05]",10.03,10.05,0.025,tmp,0,0,1.1855364552459988e-4,tmp_jja,jja
580,"(10.05,10.08]",10.05,10.08,0.025,tmp,0,0,6.466562483159993e-5,tmp_jja,jja
581,"(10.08,10.1]",10.08,10.1,0.025,tmp,0,0,9.69984372473999e-5,tmp_jja,jja
582,"(10.1,10.12]",10.1,10.12,0.025,tmp,0,0,6.466562483159993e-5,tmp_jja,jja
583,"(10.12,10.15]",10.12,10.15,0.025,tmp,0,0,1.077760413859999e-4,tmp_jja,jja
584,"(10.15,10.18]",10.15,10.18,0.025,tmp,0,0,9.69984372473999e-5,tmp_jja,jja
585,"(10.18,10.2]",10.18,10.2,0.025,tmp,0,0,8.622083310879991e-5,tmp_jja,jja
586,"(10.2,10.23]",10.2,10.23,0.025,tmp,0,0,7.544322897019993e-5,tmp_jja,jja
587,"(10.23,10.25]",10.23,10.25,0.025,tmp,0,0,1.1855364552459988e-4,tmp_jja,jja
588,"(10.25,10.28]",10.25,10.28,0.025,tmp,0,0,1.1855364552459988e-4,tmp_jja,jja
589,"(10.28,10.3]",10.28,10.3,0.025,tmp,0,0,1.2933124966319986e-4,tmp_jja,jja
590,"(10.3,10.33]",10.3,10.33,0.025,tmp,0,0,1.077760413859999e-4,tmp_jja,jja
591,"(10.33,10.35]",10.33,10.35,0.025,tmp,0,0,7.544322897019993e-5,tmp_jja,jja
592,"(10.35,10.38]",10.35,10.38,0.025,tmp,0,0,8.622083310879991e-5,tmp_jja,jja
593,"(10.38,10.4]",10.38,10.4,0.025,tmp,0,0,1.939968744947998e-4,tmp_jja,jja
594,"(10.4,10.43]",10.4,10.43,0.025,tmp,0,0,1.4010885380179986e-4,tmp_jja,jja
595,"(10.43,10.45]",10.43,10.45,0.025,tmp,0,0,1.7244166621759982e-4,tmp_jja,jja
596,"(10.45,10.48]",10.45,10.48,0.025,tmp,0,0,1.4010885380179986e-4,tmp_jja,jja
597,"(10.48,10.5]",10.48,10.5,0.025,tmp,0,0,1.4010885380179986e-4,tmp_jja,jja
598,"(10.5,10.53]",10.5,10.53,0.025,tmp,0,0,1.077760413859999e-4,tmp_jja,jja
599,"(10.53,10.55]",10.53,10.55,0.025,tmp,0,0,1.077760413859999e-4,tmp_jja,jja
600,"(10.55,10.58]",10.55,10.58,0.025,tmp,0,0,7.544322897019993e-5,tmp_jja,jja
601,"(10.58,10.6]",10.58,10.6,0.025,tmp,0,0,1.2933124966319986e-4,tmp_jja,jja
602,"(10.6,10.62]",10.6,10.62,0.025,tmp,0,0,9.69984372473999e-5,tmp_jja,jja
603,"(10.62,10.65]",10.62,10.65,0.025,tmp,0,0,1.6166406207899985e-4,tmp_jja,jja
604,"(10.65,10.68]",10.65,10.68,0.025,tmp,0,0,2.694401034649997e-4,tmp_jja,jja
605,"(10.68,10.7]",10.68,10.7,0.025,tmp,0,0,2.047744786333998e-4,tmp_jja,jja
606,"(10.7,10.73]",10.7,10.73,0.025,tmp,0,0,6.466562483159993e-5,tmp_jja,jja
607,"(10.73,10.75]",10.73,10.75,0.025,tmp,0,0,2.047744786333998e-4,tmp_jja,jja
608,"(10.75,10.78]",10.75,10.78,0.025,tmp,0,0,1.832192703561998e-4,tmp_jja,jja
609,"(10.78,10.8]",10.78,10.8,0.025,tmp,0,0,1.5088645794039985e-4,tmp_jja,jja
610,"(10.8,10.83]",10.8,10.83,0.025,tmp,0,0,2.047744786333998e-4,tmp_jja,jja
611,"(10.83,10.85]",10.83,10.85,0.025,tmp,0,0,2.586624993263997e-4,tmp_jja,jja
612,"(10.85,10.88]",10.85,10.88,0.025,tmp,0,0,1.7244166621759982e-4,tmp_jja,jja
613,"(10.88,10.9]",10.88,10.9,0.025,tmp,0,0,2.3710729104919976e-4,tmp_jja,jja
614,"(10.9,10.93]",10.9,10.93,0.025,tmp,0,0,1.2933124966319986e-4,tmp_jja,jja
615,"(10.93,10.95]",10.93,10.95,0.025,tmp,0,0,1.4010885380179986e-4,tmp_jja,jja
616,"(10.95,10.98]",10.95,10.98,0.025,tmp,0,0,1.5088645794039985e-4,tmp_jja,jja
617,"(10.98,11]",10.98,11,0.025,tmp,0,0,1.832192703561998e-4,tmp_jja,jja
618,"(11,11.03]",11,11.03,0.025,tmp,0,0,1.2933124966319986e-4,tmp_jja,jja
619,"(11.03,11.05]",11.03,11.05,0.025,tmp,0,0,1.1855364552459988e-4,tmp_jja,jja
620,"(11.05,11.07]",11.05,11.07,0.025,tmp,0,0,1.1855364552459988e-4,tmp_jja,jja
621,"(11.07,11.1]",11.07,11.1,0.025,tmp,0,0,1.7244166621759982e-4,tmp_jja,jja
622,"(11.1,11.12]",11.1,11.12,0.025,tmp,0,0,9.69984372473999e-5,tmp_jja,jja
623,"(11.12,11.15]",11.12,11.15,0.025,tmp,0,0,2.155520827719998e-4,tmp_jja,jja
624,"(11.15,11.18]",11.15,11.18,0.025,tmp,0,0,1.6166406207899985e-4,tmp_jja,jja
625,"(11.18,11.2]",11.18,11.2,0.025,tmp,0,0,1.1855364552459988e-4,tmp_jja,jja
626,"(11.2,11.23]",11.2,11.23,0.025,tmp,0,0,1.5088645794039985e-4,tmp_jja,jja
627,"(11.23,11.25]",11.23,11.25,0.025,tmp,0,0,7.544322897019993e-5,tmp_jja,jja
628,"(11.25,11.28]",11.25,11.28,0.025,tmp,0,0,1.077760413859999e-4,tmp_jja,jja
629,"(11.28,11.3]",11.28,11.3,0.025,tmp,0,0,1.5088645794039985e-4,tmp_jja,jja
630,"(11.3,11.32]",11.3,11.32,0.025,tmp,0,0,6.466562483159993e-5,tmp_jja,jja
631,"(11.32,11.35]",11.32,11.35,0.025,tmp,0,0,1.2933124966319986e-4,tmp_jja,jja
632,"(11.35,11.38]",11.35,11.38,0.025,tmp,0,0,2.1555208277199977e-5,tmp_jja,jja
633,"(11.38,11.4]",11.38,11.4,0.025,tmp,0,0,5.388802069299995e-5,tmp_jja,jja
634,"(11.4,11.43]",11.4,11.43,0.025,tmp,0,0,7.544322897019993e-5,tmp_jja,jja
635,"(11.43,11.45]",11.43,11.45,0.025,tmp,0,0,1.2933124966319986e-4,tmp_jja,jja
636,"(11.45,11.48]",11.45,11.48,0.025,tmp,0,0,3.2332812415799966e-5,tmp_jja,jja
637,"(11.48,11.5]",11.48,11.5,0.025,tmp,0,0,3.2332812415799966e-5,tmp_jja,jja
638,"(11.5,11.53]",11.5,11.53,0.025,tmp,0,0,4.3110416554399954e-5,tmp_jja,jja
639,"(11.53,11.55]",11.53,11.55,0.025,tmp,0,0,3.2332812415799966e-5,tmp_jja,jja
640,"(11.55,11.57]",11.55,11.57,0.025,tmp,0,0,3.2332812415799966e-5,tmp_jja,jja
641,"(11.57,11.6]",11.57,11.6,0.025,tmp,0,0,6.466562483159993e-5,tmp_jja,jja
642,"(11.6,11.62]",11.6,11.62,0.025,tmp,0,0,5.388802069299995e-5,tmp_jja,jja
643,"(11.62,11.65]",11.62,11.65,0.025,tmp,0,0,6.466562483159993e-5,tmp_jja,jja
644,"(11.68,11.7]",11.68,11.7,0.025,tmp,0,0,3.2332812415799966e-5,tmp_jja,jja
645,"(11.7,11.73]",11.7,11.73,0.025,tmp,0,0,7.544322897019993e-5,tmp_jja,jja
646,"(11.73,11.75]",11.73,11.75,0.025,tmp,0,0,3.2332812415799966e-5,tmp_jja,jja
647,"(11.75,11.78]",11.75,11.78,0.025,tmp,0,0,2.1555208277199977e-5,tmp_jja,jja
648,"(11.78,11.8]",11.78,11.8,0.025,tmp,0,0,3.2332812415799966e-5,tmp_jja,jja
649,"(11.8,11.82]",11.8,11.82,0.025,tmp,0,0,3.2332812415799966e-5,tmp_jja,jja
650,"(11.82,11.85]",11.82,11.85,0.025,tmp,0,0,3.2332812415799966e-5,tmp_jja,jja
651,"(11.85,11.88]",11.85,11.88,0.025,tmp,0,0,3.2332812415799966e-5,tmp_jja,jja
652,"(11.88,11.9]",11.88,11.9,0.025,tmp,0,0,8.622083310879991e-5,tmp_jja,jja
653,"(11.9,11.93]",11.9,11.93,0.025,tmp,0,0,1.0777604138599989e-5,tmp_jja,jja
654,"(11.93,11.95]",11.93,11.95,0.025,tmp,0,0,3.2332812415799966e-5,tmp_jja,jja
655,"(11.95,11.98]",11.95,11.98,0.025,tmp,0,0,3.2332812415799966e-5,tmp_jja,jja
656,"(11.98,12]",11.98,12,0.025,tmp,0,0,5.388802069299995e-5,tmp_jja,jja
657,"(12,12.03]",12,12.03,0.025,tmp,0,0,3.2332812415799966e-5,tmp_jja,jja
658,"(12.03,12.05]",12.03,12.05,0.025,tmp,0,0,3.2332812415799966e-5,tmp_jja,jja
659,"(12.05,12.07]",12.05,12.07,0.025,tmp,0,0,9.69984372473999e-5,tmp_jja,jja
660,"(12.1,12.12]",12.1,12.12,0.025,tmp,0,0,5.388802069299995e-5,tmp_jja,jja
661,"(12.12,12.15]",12.12,12.15,0.025,tmp,0,0,7.544322897019993e-5,tmp_jja,jja
662,"(12.15,12.18]",12.15,12.18,0.025,tmp,0,0,4.3110416554399954e-5,tmp_jja,jja
663,"(12.18,12.2]",12.18,12.2,0.025,tmp,0,0,3.2332812415799966e-5,tmp_jja,jja
664,"(12.2,12.23]",12.2,12.23,0.025,tmp,0,0,4.3110416554399954e-5,tmp_jja,jja
665,"(12.23,12.25]",12.23,12.25,0.025,tmp,0,0,3.2332812415799966e-5,tmp_jja,jja
666,"(12.25,12.28]",12.25,12.28,0.025,tmp,0,0,5.388802069299995e-5,tmp_jja,jja
667,"(12.28,12.3]",12.28,12.3,0.025,tmp,0,0,2.1555208277199977e-5,tmp_jja,jja
668,"(12.3,12.32]",12.3,12.32,0.025,tmp,0,0,4.3110416554399954e-5,tmp_jja,jja
669,"(12.32,12.35]",12.32,12.35,0.025,tmp,0,0,3.2332812415799966e-5,tmp_jja,jja
670,"(12.35,12.38]",12.35,12.38,0.025,tmp,0,0,2.1555208277199977e-5,tmp_jja,jja
671,"(12.38,12.4]",12.38,12.4,0.025,tmp,0,0,3.2332812415799966e-5,tmp_jja,jja
672,"(12.4,12.43]",12.4,12.43,0.025,tmp,0,0,2.1555208277199977e-5,tmp_jja,jja
673,"(12.43,12.45]",12.43,12.45,0.025,tmp,0,0,1.0777604138599989e-5,tmp_jja,jja
674,"(12.45,12.48]",12.45,12.48,0.025,tmp,0,0,4.3110416554399954e-5,tmp_jja,jja
675,"(12.48,12.5]",12.48,12.5,0.025,tmp,0,0,4.3110416554399954e-5,tmp_jja,jja
676,"(12.5,12.53]",12.5,12.53,0.025,tmp,0,0,6.466562483159993e-5,tmp_jja,jja
677,"(12.53,12.55]",12.53,12.55,0.025,tmp,0,0,2.1555208277199977e-5,tmp_jja,jja
678,"(12.55,12.57]",12.55,12.57,0.025,tmp,0,0,3.2332812415799966e-5,tmp_jja,jja
679,"(12.57,12.6]",12.57,12.6,0.025,tmp,0,0,5.388802069299995e-5,tmp_jja,jja
680,"(12.6,12.62]",12.6,12.62,0.025,tmp,0,0,4.3110416554399954e-5,tmp_jja,jja
681,"(12.62,12.65]",12.62,12.65,0.025,tmp,0,0,2.1555208277199977e-5,tmp_jja,jja
682,"(12.65,12.68]",12.65,12.68,0.025,tmp,0,0,1.0777604138599989e-5,tmp_jja,jja
683,"(12.68,12.7]",12.68,12.7,0.025,tmp,0,0,1.0777604138599989e-5,tmp_jja,jja
684,"(12.7,12.73]",12.7,12.73,0.025,tmp,0,0,2.1555208277199977e-5,tmp_jja,jja
685,"(12.73,12.75]",12.73,12.75,0.025,tmp,0,0,2.1555208277199977e-5,tmp_jja,jja
686,"(12.75,12.78]",12.75,12.78,0.025,tmp,0,0,2.1555208277199977e-5,tmp_jja,jja
687,"(12.78,12.8]",12.78,12.8,0.025,tmp,0,0,2.1555208277199977e-5,tmp_jja,jja
688,"(12.8,12.82]",12.8,12.82,0.025,tmp,0,0,3.2332812415799966e-5,tmp_jja,jja
689,"(12.82,12.85]",12.82,12.85,0.025,tmp,0,0,4.3110416554399954e-5,tmp_jja,jja
690,"(12.85,12.88]",12.85,12.88,0.025,tmp,0,0,1.0777604138599989e-5,tmp_jja,jja
691,"(12.9,12.93]",12.9,12.93,0.025,tmp,0,0,2.1555208277199977e-5,tmp_jja,jja
692,"(12.93,12.95]",12.93,12.95,0.025,tmp,0,0,1.0777604138599989e-5,tmp_jja,jja
693,"(12.98,13]",12.98,13,0.025,tmp,0,0,1.0777604138599989e-5,tmp_jja,jja
694,"(13.03,13.05]",13.03,13.05,0.025,tmp,0,0,2.1555208277199977e-5,tmp_jja,jja
695,"(13.05,13.07]",13.05,13.07,0.025,tmp,0,0,1.0777604138599989e-5,tmp_jja,jja
696,"(13.1,13.12]",13.1,13.12,0.025,tmp,0,0,1.0777604138599989e-5,tmp_jja,jja
